date,o,h,l,c,v,a
20180102,1731.92,1780.89,1731.92,1769.65,2269.17,2535090.381
20180103,1768.94,1800.18,1762.9,1781.71,2323.31,2618525.901
20180104,1787.9,1798.53,1775.81,1797.63,1783.15,1996838.912
20180105,1797.14,1894.27,1793.98,1861.2,4185.45,4301167.002
20180108,1879.77,1939.5,1879.77,1908.22,4229.01,4505507.84
20180109,1901.21,1930.85,1894.59,1914.71,3221.1,3072434.586
20180110,1915.2,1940.23,1894.92,1909.81,2786.97,2797158.4
20180111,1904.78,1909.54,1880.71,1906.81,2574.35,2542784.922
20180112,1903.86,1956.01,1903.11,1922.66,3670.55,3413569.741
20180115,1930.89,1956.03,1916.78,1929.59,3829.32,3856969.728
20180116,1918.03,2049.54,1918.03,2036.45,4517.58,4948798.259
20180117,2027.03,2041.08,1970.46,2004.41,4018.27,4660418.97
20180118,1999.23,2015.52,1983.78,1994.54,2478.33,2909816.013
20180119,1996.06,2037.62,1977.79,1981.08,2825.15,3289544.704
20180122,1973.14,1992.46,1964.47,1989.74,2113.24,2423699.046
20180123,1998.08,2053.25,1998.08,2036.22,2957.65,3767529.472
20180124,2031.72,2063.92,2016.2,2031.28,2643.46,3232959.078
20180125,2024.08,2024.08,1967.71,1998.66,2594.64,3248712.294
20180126,1993.23,2033.68,1987.33,2017.18,2625.12,3033227.878
20180129,2020.78,2038.99,1977.54,1994.68,2522.21,3046593.946
20180130,1988.5,1992.2,1948.39,1948.56,2386.42,2941786.317
20180131,1951.14,1988.14,1927.99,1968.5,2737.08,3324099.584
20180201,1971.31,1981.1,1930.96,1938.41,2909.96,3346242.15
20180202,1906.66,1938.91,1871.49,1932.57,2422.79,2900961.69
20180205,1906.33,1936.82,1900.9,1932.53,1875.37,2296488.755
20180206,1890.06,1897.42,1837.28,1842.41,2505.78,2945229.414
20180207,1875.09,1879.64,1743.73,1758.95,2849.56,3404474.573
20180208,1752.08,1774.17,1733.39,1750.39,1745.25,2091943.322
20180209,1701.62,1709.13,1632.94,1661.42,2463.27,2636925.747
20180212,1667.01,1696.57,1659.33,1689.82,1557.1,1744706.15
20180213,1704.14,1752.34,1704.04,1719.38,1704.04,1921037.312
20180214,1717.99,1730.51,1701.76,1726.99,1043.36,1095408.538
20180222,1749.28,1759.34,1741.08,1756.24,1592.76,1466563.686
20180223,1763.15,1796.87,1753.39,1780.29,1660.48,1722099.712
20180226,1789.01,1793.09,1731.11,1774.46,2098.39,2238402.355
20180227,1769.49,1769.61,1734.6,1740.08,1882.06,2029540.557
20180228,1723.74,1762,1709.97,1746.19,1769.55,1946484.736
20180301,1729.56,1756.11,1726.52,1740.44,1592.44,1673832.653
20180302,1725.11,1745.64,1715.14,1733.14,1423,1508727.194
20180305,1736.83,1757.49,1731.08,1735.23,1325.98,1489202.586
20180306,1740.89,1789.21,1726.32,1788.93,2136.65,2270912.922
20180307,1781.59,1795.13,1766.4,1769.46,1628.81,1773981.286
20180308,1770.53,1788.52,1764.44,1787.74,1570.29,1545327.923
20180309,1790.62,1792.19,1774.67,1786.04,1682.82,1627476.07
20180312,1786.94,1788.07,1748.4,1761.48,2171.41,2418608.333
20180313,1757.1,1767.75,1753.06,1754.98,1639.04,1503861.658
20180314,1750.81,1761.57,1742.63,1751.63,1559.68,1573071.155
20180315,1746.99,1759.92,1735.2,1744.51,1373.32,1422565.376
20180316,1743.15,1766.14,1743.15,1750.14,1376.73,1499104.768
20180319,1746.15,1746.15,1721.32,1722.01,1444.31,1537566.31
20180320,1709.65,1719.46,1698.03,1715.52,1501.62,1325413.171
20180321,1718.48,1740.54,1717.35,1721.8,1994.31,1656359.731
20180322,1721.82,1724.88,1697.13,1705.1,1753.66,1584308.941
20180323,1658.36,1663.28,1619.73,1652.24,2351.03,2131835.29
20180326,1632.49,1639.44,1615.23,1639.44,1598.4,1485149.389
20180327,1660.3,1673.61,1652,1663.34,1763.97,1706638.643
20180328,1644.23,1681.32,1640.4,1658.02,1424.26,1434634.547
20180329,1662.35,1735.65,1643.26,1726.07,2359.88,2593912.218
20180330,1717.7,1719.33,1702.14,1707.13,1604.17,1746297.856
20180402,1711.95,1739.45,1708.83,1711.35,1751.56,1849416.909
20180403,1690.1,1706.31,1679.52,1696.82,1351.46,1354984.243
20180404,1686.13,1709.04,1683.21,1683.72,1217.05,1282224.026
20180409,1678.81,1686.58,1657.16,1668.77,1203.11,1175850.906
20180410,1670.29,1702.43,1666.21,1702.37,1492.14,1633856.307
20180411,1704.82,1737.96,1700.61,1720.26,1606.57,1860929.536
20180412,1715.96,1721.67,1697.8,1701.9,1209.48,1278342.758
20180413,1707.65,1713.7,1683.78,1687.82,1069.62,1156415.386
20180416,1678.41,1678.83,1627.53,1637.99,1735.34,1842641.101
20180417,1639.89,1641.16,1615.35,1616.22,1401.43,1328505.958
20180418,1634.48,1640.97,1608.25,1624.61,1348.67,1412116.685
20180419,1626.28,1638.56,1621.75,1631.64,1121.93,1105849.242
20180420,1629.28,1630.33,1604.02,1610.66,1200.82,1108415.898
20180423,1606.05,1618.14,1598.37,1608.73,1087.85,1031728.026
20180424,1615.02,1656.55,1614.6,1650.25,1528.57,1644273.869
20180425,1639.88,1640.38,1627.92,1631.55,1195.89,1198182.298
20180426,1639.11,1640.96,1594.64,1599.52,1298.49,1253959.578
20180427,1600.27,1603.59,1569.31,1595.98,1217.52,1201693.184
20180502,1595.69,1605.68,1583.04,1589.52,1178.83,1008129.741
20180503,1587.5,1595.5,1567.16,1592.17,1171.96,1086244.454
20180504,1590.72,1602.65,1585.96,1588,1013.12,985987.8912
20180507,1592.2,1612.21,1588.12,1610.58,1216.95,1201130.906
20180508,1610.97,1644.9,1609.2,1636.65,1347.09,1478378.496
20180509,1635.22,1635.33,1621.03,1625.84,1089.17,1128155.546
20180510,1629.54,1635.45,1617.06,1631.75,1342.78,1293130.035
20180511,1633.55,1634.01,1619.67,1619.88,1348.89,1125842.534
20180514,1620.16,1626.93,1607.62,1611.65,1133.37,1047440.998
20180515,1615.61,1617.61,1603.68,1617.53,977.26,958441.472
20180516,1612.88,1614.56,1604.22,1605.27,922.38,963488.768
20180517,1605.52,1612.1,1597.01,1598.15,935.83,943323.3408
20180518,1596.49,1608.23,1589.16,1608.23,890.05,866867.8144
20180521,1614.69,1617.18,1608.31,1612.28,1062.82,1073134.387
20180522,1611.42,1611.42,1587.96,1596.01,1147.74,1206554.726
20180523,1591.98,1591.99,1577.64,1578.24,1073.84,1067449.037
20180524,1577.81,1579.47,1568.92,1570.4,935.46,874451.6608
20180525,1570.71,1575.69,1560.03,1565.59,1055.68,964865.024
20180528,1563.25,1564.76,1550.51,1553.11,987.67,856515.84
20180529,1548.75,1548.78,1518.59,1534.57,1279.81,1316215.398
20180530,1516.53,1516.54,1485.36,1487.19,1238.54,1036306.125
20180531,1494.76,1512.25,1484.4,1509.93,1029.3,998889.7792
20180601,1504.05,1531.22,1501.9,1512.91,1069.03,1005794.509
20180604,1517.36,1543.43,1517.34,1540.29,1139.42,1169053.901
20180605,1539.45,1551.07,1532.17,1549.74,1035.87,1031457.894
20180606,1546.39,1549.35,1535.38,1538.8,864.42,861523.6608
20180607,1542.33,1558.71,1540.17,1554.07,1036.17,1107248.64
20180608,1548.53,1548.81,1518.32,1527.61,1065.3,953618.944
20180611,1525.65,1550.44,1522.15,1541.7,926.34,947702.3744
20180612,1544.85,1553.97,1532.08,1550.75,853.44,855051.7248
20180613,1545.01,1563.01,1540.82,1543.21,1064.34,1078109.184
20180614,1536.41,1546.19,1529.19,1536.65,889.92,838086.7072
20180615,1536.03,1567.09,1536,1546.24,1448.66,1367080.55
20180619,1525.2,1525.2,1455.26,1469.75,2234.31,1830873.702
20180620,1462.09,1488.47,1454.84,1487.36,1478.96,1172345.856
20180621,1484.04,1520.25,1479.9,1483.58,1645.41,1400477.901
20180622,1474.63,1500.51,1469.55,1500.48,1201.77,996298.1376
20180625,1511.48,1514.9,1455.26,1456.22,1355.98,1217477.325
20180626,1425.29,1427.09,1396.54,1419.38,1490.5,1267958.17
20180627,1417.89,1417.89,1372.04,1385.22,1562,1268833.075
20180628,1374.82,1391.03,1362.84,1368.74,1162.24,888263.168
20180629,1371.22,1404.04,1367.85,1403.98,1211.12,908625.6128
20180702,1400.65,1400.66,1328.1,1339.75,1502.44,1320327.475
20180703,1342.86,1350.73,1320.43,1350.73,1572.45,1013142.221
20180704,1345.75,1353.43,1323.6,1326.08,1344.11,838092.6464
20180705,1324.94,1333.94,1305.35,1307.68,1316.43,852969.1648
20180706,1311,1316.33,1277.69,1308.62,1466.46,977886.4128
20180709,1310.37,1341.27,1310.29,1341.27,1208.12,882176.8192
20180710,1345.66,1365.17,1338.09,1359.47,1247,1012731.085
20180711,1337.93,1337.93,1313.8,1327.14,1207.08,803332.608
20180712,1329.71,1360.07,1329.71,1354.15,1294.63,916780.8512
20180713,1367.14,1374.35,1352.49,1356.84,1217.34,936158.8224
20180716,1355.24,1355.33,1328.52,1338.51,1074.11,822436.2496
20180717,1335.28,1342.13,1325.62,1337.74,944.85,659061.5552
20180718,1337.99,1339.65,1320.75,1320.75,1009.8,727211.5712
20180719,1325.65,1332.8,1314.44,1317.83,944.9,685648.8448
20180720,1317.23,1345.65,1300.9,1339.02,1155.68,961472.3072
20180723,1332.46,1367.16,1329.19,1364.76,1259.15,1048831.283
20180724,1370.64,1408.09,1370.64,1395.96,1719.31,1432037.376
20180725,1397.25,1400.07,1386.4,1393.86,1262.23,821076.8384
20180726,1397.1,1408.61,1385.6,1389.01,1786.46,1062713.549
20180727,1385.82,1396.06,1378.03,1383.21,1444.68,871826.8416
20180730,1384,1395.4,1368.44,1376.55,1288.86,835442.3296
20180731,1379.43,1393.9,1376.86,1391.23,1121.51,819766.4768
20180801,1381.39,1381.39,1348.65,1348.68,1459.55,1133295.616
20180802,1343.02,1343.02,1286.62,1309.04,1516.14,1015162.675
20180803,1307.27,1312.33,1295.59,1296.29,901.49,623708.928
20180806,1295.69,1298.84,1264.5,1271.47,1013.12,661471.2832
20180807,1276.91,1312,1272.47,1312,1112.04,751584.6144
20180808,1311.44,1320.03,1295.23,1295.23,990.08,677081.6
20180809,1293.17,1331.41,1290.29,1328.41,1181.33,950922.6496
20180810,1337.6,1368.78,1337.6,1347.88,1356.02,1190444.442
20180813,1322.82,1338.33,1312.27,1334.32,1130.96,815139.0208
20180814,1330.62,1331.29,1309.79,1318.22,965.71,746864.7424
20180815,1318.41,1319.21,1300.16,1301.16,1218.94,679494.7072
20180816,1283.93,1311.54,1279.03,1302.55,1262.45,748259.84
20180817,1309.44,1314.14,1288.14,1289.95,1399.31,772475.2384
20180820,1293.17,1305.27,1285.36,1303.84,1315.05,768808.6016
20180821,1303.68,1319.27,1298.86,1316.92,1233.97,761946.9312
20180822,1313.08,1313.08,1304.77,1306.52,911.9,561455.616
20180823,1306.2,1313.78,1291.96,1303.92,885.29,575224.32
20180824,1300.76,1310.66,1292.79,1303.82,975.53,550172.8256
20180827,1307.91,1341.21,1307.9,1339.52,1263.8,933268.5824
20180828,1338.15,1346.27,1334.83,1338.57,1042.53,680063.6928
20180829,1336.41,1352.64,1336.24,1344.29,1661.96,766491.8016
20180830,1342.4,1348.3,1330.08,1330.14,1437.45,681302.7328
20180831,1325.33,1349.23,1318.37,1339.51,1465,848660.6848
20180903,1334.31,1345.1,1324.32,1334.05,1327.54,769807.104
20180904,1334.86,1354.95,1329.43,1352.97,1482.28,758194.2784
20180905,1346.01,1349.28,1325.23,1325.41,1791.08,771451.0336
20180906,1322.31,1330.4,1301.59,1306.65,840.1,637961.216
20180907,1308.28,1327.4,1305.51,1314.32,886.64,613303.1424
20180910,1317.17,1327.62,1312.12,1314.08,1047.72,769972.5312
20180911,1312.16,1317.18,1297.6,1305.33,863.64,576634.8288
20180912,1304.89,1308.13,1292.41,1302.14,734.02,490159.6672
20180913,1312.46,1318.43,1294.92,1310.57,1319.56,610805.3504
20180914,1310.75,1313.8,1301.14,1310.81,1519.42,633505.1776
20180917,1303.95,1304.23,1286.92,1291.63,1192.62,558833.2032
20180918,1287.2,1309.39,1285.14,1309.09,1172.54,607029.0432
20180919,1307.25,1358.53,1305.11,1349.19,1885.55,1435485.696
20180920,1344.43,1352.08,1339.26,1344.53,1558.74,953317.888
20180921,1348.71,1387.09,1342.53,1384.78,1719.61,1260231.066
20180925,1354.04,1355.54,1338.6,1345,1407.86,1131794.944
20180926,1346.57,1358.45,1334.76,1346.93,1613.26,994347.52
20180927,1346.49,1346.49,1330.76,1332.46,1566.03,818661.9392
20180928,1333.45,1344.94,1326.65,1332.95,1325.71,863767.3472
20181008,1299.56,1300.82,1268.77,1271.14,1457.49,962251.8784
20181009,1270.2,1272.38,1255.77,1265.06,931.47,577549.7216
20181010,1264.45,1272.48,1253.36,1264.62,1459.03,641053.1328
20181011,1231.82,1236.45,1177.77,1184.64,1974.38,1039856.538
20181012,1174.49,1195.54,1150.27,1194.91,1649.11,867364.9664
20181015,1191.85,1193.74,1168.3,1171.16,1365.14,651733.6576
20181016,1172.07,1182.47,1132.33,1138.89,1507.88,741108.2752
20181017,1150.01,1155,1130.73,1147.82,1671.48,675080.8064
20181018,1141.83,1141.83,1121.43,1122.22,1307.88,676205.1072
20181019,1112.96,1158.01,1109.48,1156.24,1350.77,821424.64
20181022,1166.83,1221.87,1166.66,1209.48,1974.93,1248449.536
20181023,1210.18,1214.19,1181.46,1187.17,1595.46,898493.952
20181024,1185.22,1216.24,1184.43,1197.2,1239.33,743931.2896
20181025,1171.4,1225.53,1163.96,1224.99,1597.82,1104709.12
20181026,1232.37,1283,1232.37,1252.32,2152.22,1341324.8
20181029,1258.38,1263.19,1220.63,1228.09,1912.48,1076958.31
20181030,1233.79,1259.4,1221.05,1248.93,1686.15,1020064.154
20181031,1250.09,1275.48,1240.31,1264.32,1542.19,923278.6432
20181101,1279.98,1294.9,1269.73,1270.91,1881.9,1204987.392
20181102,1293.32,1299.21,1266.26,1286.59,1793.86,1230052.864
20181105,1281.7,1284.03,1267.8,1282.37,1884.79,1190863.872
20181106,1282.86,1300.91,1280.23,1300.87,1679.46,1090714.419
20181107,1301.86,1306.95,1285.68,1287.76,1637.91,1075202.355
20181108,1296.04,1303.29,1286.52,1287.52,1761.14,1136290.816
20181109,1282.84,1295.55,1279.66,1279.66,1641.77,998436.352
20181112,1279.2,1304.09,1279.12,1303.41,1856.59,1108349.133
20181113,1289.89,1326.92,1288.7,1321.23,2829.73,1671525.376
20181114,1324.38,1348.09,1324.38,1332.59,2968.17,1892388.045
20181115,1331.56,1352.4,1331.01,1352.4,2385.42,1542661.53
20181116,1353.28,1392.74,1349.33,1382.91,2800.71,1945871.565
20181119,1388.32,1428.32,1388.32,1428.32,3322.48,2539628.544
20181120,1412.78,1428.31,1383.03,1388.29,3100.76,2293881.446
20181121,1372.85,1416.04,1370.95,1403.77,2736.34,2075519.386
20181122,1406.07,1407.39,1384.44,1396.02,2139.13,1630295.552
20181123,1389.2,1389.2,1335.44,1342.36,2358.18,1474656.256
20181126,1342.69,1360.75,1336.4,1346.09,2288.57,1170928.538
20181127,1352.05,1355.49,1333.31,1339.21,1979.77,1135345.869
20181128,1339.83,1360.08,1333.21,1360.08,1990.97,1250332.058
20181129,1365.78,1375.25,1326.44,1326.44,2205.69,1211857.101
20181130,1325.8,1333.4,1309.2,1331.97,1655.94,901970.2272
20181203,1360.24,1364.58,1334.1,1352.91,2209.93,1482561.536
20181204,1347.74,1347.74,1332.84,1343.51,1987.52,1353512.038
20181205,1322.26,1352.67,1319.72,1340.66,1682.38,1147727.462
20181206,1329.62,1334.82,1322.2,1323.46,1408.38,901539.9424
20181207,1324.84,1339.85,1324.84,1329.53,1121.35,768862.9248
20181210,1322.81,1327.62,1306.93,1309.85,1380.79,784120.0128
20181211,1313.23,1335.72,1313.01,1335.7,1432.14,914473.8816
20181212,1343.27,1360.37,1341.76,1347.19,1593.74,1109254.042
20181213,1356.4,1379.25,1350.39,1371.56,1816.25,1284468.838
20181214,1367.39,1372.54,1339.81,1340.01,1724.67,1089863.782
20181217,1339.05,1349.04,1326.73,1346.28,1367.33,896091.8528
20181218,1336.72,1341.32,1303.24,1314.03,1458.04,955622.5024
20181219,1320.89,1331.22,1307.58,1309.73,1632.77,938840.064
20181220,1314.28,1324.25,1302.05,1312.45,1746.87,1126964.019
20181221,1304.98,1306.05,1267.76,1281.74,1770.59,1133815.091
20181224,1274.3,1279.67,1266.04,1278.54,1272.65,828126.8736
20181225,1264.74,1274.4,1246.02,1270.42,1735.11,1034923.008
20181226,1266.87,1274.04,1258.06,1268.55,1524.87,919556.5056
20181227,1285.41,1288.74,1254.18,1254.34,1708.35,1010574.848
20181228,1258.22,1272.26,1256.91,1264.42,1182.8,823778.5088
20190102,1266.15,1269.05,1253.08,1259.9,1158.29,804064.3584
20190103,1257.28,1277.49,1254.59,1259.97,1289.56,902473.3184
20190104,1249.27,1293.7,1247.86,1293.45,1468.37,973431.296
20190107,1305.55,1314.7,1299.38,1303.43,1481.57,1020959.437
20190108,1302.01,1302.01,1289.32,1297.27,1165.38,765700.5056
20190109,1302.66,1321.55,1300.51,1304.96,1517.82,1008301.568
20190110,1302.27,1307.49,1292.79,1294.29,1137.71,752495.0016
20190111,1296.68,1305.13,1293.36,1303.34,1160.49,718062.0288
20190114,1301.51,1304.2,1293,1295.52,1143.29,692713.5744
20190115,1294.15,1304.51,1275.84,1304.51,1263.76,851550.464
20190116,1304.11,1314.99,1300.94,1310.45,1499.79,925979.8528
20190117,1312.17,1314.5,1299.37,1303.33,1598.5,1072878.182
20190118,1304.08,1316.61,1301.77,1316.19,1449.66,967888.0768
20190121,1316.37,1322.25,1305.27,1311.89,1216.38,820590.9504
20190122,1310.41,1328.47,1303.47,1306.83,1417.39,991947.776
20190123,1304.5,1309.49,1300.79,1304.9,1240.55,779749.4272
20190124,1308.12,1308.44,1293.22,1305.18,1321.04,826671.9232
20190125,1310.24,1327.09,1310.02,1314.43,1456.19,1028397.158
20190128,1320.9,1331.01,1309.37,1312.92,1216.89,803897.3952
20190129,1310.36,1327.08,1293.95,1323.88,1492.95,1002125.722
20190130,1318.32,1352.54,1316.65,1329.7,1368.31,1051712
20190131,1333.31,1344.42,1322.38,1327.58,1409.67,932604.416
20190201,1337.99,1343.23,1320.71,1343.19,1143.01,836875.9808
20190211,1337.84,1360.42,1331.23,1360.42,1241.82,919263.744
20190212,1356.37,1367.5,1350.46,1366.02,1580.27,1071779.021
20190213,1366.08,1390.39,1362.94,1387.34,1931.83,1389722.317
20190214,1384.74,1396.41,1382.12,1390.75,1787.99,1309408.87
20190215,1387.32,1389.72,1363.7,1364.65,1765.93,1290459.648
20190218,1375.29,1399.34,1374.63,1399.34,2184.48,1539241.574
20190219,1408.89,1413.92,1391.12,1399.31,2891.86,2041610.445
20190220,1399.46,1420.2,1394.34,1414.77,2652.09,1883809.178
20190221,1413.36,1421.69,1394.58,1398.73,2617.45,1846224.282
20190222,1396.37,1420.05,1390.39,1419.99,2393.64,1741282.714
20190225,1435.32,1499.73,1432.51,1497.48,4106.63,3062048.973
20190226,1504.64,1523.07,1486.62,1488.33,4240.8,3166018.97
20190227,1488.69,1525.38,1488.28,1506.05,4097.46,3001554.125
20190228,1503.88,1528.51,1493.48,1499.61,3475.2,2574674.739
20190301,1502.35,1509.29,1480.93,1509.25,2892.78,2182103.245
20190304,1520.16,1585.39,1520.16,1555.69,4698.69,3890554.061
20190305,1556.8,1599.89,1551.39,1599.89,3996.05,3212126.003
20190306,1609.95,1610.46,1579.74,1606.72,4640.3,3512230.707
20190307,1600.91,1604.53,1573.41,1592.58,4797.34,3691450.778
20190308,1560.24,1573.71,1510.41,1512.83,4456.11,3359098.675
20190311,1503.11,1550.71,1494.52,1549.59,3472.38,2932069.786
20190312,1565.88,1587.98,1549.82,1567.84,3875.87,3234373.018
20190313,1575.35,1622.04,1558.35,1602.8,4472.04,3975680.819
20190314,1595.77,1621.72,1553.72,1566.46,3714.72,3228256.051
20190315,1567.88,1632.64,1567.87,1615.45,4061.74,3934725.325
20190318,1621.3,1668.77,1598.59,1667.35,4119.21,3846096.486
20190319,1666.67,1696.84,1650.09,1659.55,3475.63,3166485.299
20190320,1656.77,1676.08,1631.1,1669.61,3535.04,3073064.141
20190321,1671.8,1692.98,1668.3,1674.67,3997.63,3486378.394
20190322,1677.33,1684.51,1651.55,1684.26,3431.44,3038833.254
20190325,1659.11,1682.12,1648.49,1649.38,3650.05,3254533.325
20190326,1657.97,1662.38,1613.42,1617.71,3294.49,2746291.405
20190327,1626.36,1634.81,1603.61,1634.07,2565.46,2154136.371
20190328,1629.16,1637.35,1601.62,1602.45,2473.57,2066972.262
20190329,1607.46,1684.18,1605.43,1683.95,3552.66,3057847.91
20190401,1702.62,1755.55,1702.62,1739.68,4442.96,3819624.038
20190402,1750.41,1754.52,1735.86,1744.58,3876.51,3269371.29
20190403,1734.42,1771.09,1724.94,1769.08,3600.71,3243745.894
20190404,1777.62,1787.82,1759.09,1773.94,3532.43,3163568.128
20190408,1779.38,1790.06,1732.79,1757.15,3569,3288606.515
20190409,1770.05,1808.97,1770.05,1808.94,3382.58,3225887.949
20190410,1794.08,1804.61,1774.42,1792.4,3503.1,2877620.634
20190411,1794.85,1803.4,1751.36,1760.49,3702.71,2916012.646
20190412,1760.54,1765.16,1733.26,1744.12,2828.17,2340996.506
20190415,1771.97,1781.03,1734.14,1735.38,3230.93,2729334.374
20190416,1725.27,1761.78,1687.63,1761.78,3545.92,2826293.658
20190417,1759.39,1759.39,1735.9,1743.84,3581.03,2722724.659
20190418,1740.45,1740.45,1719.59,1724.44,2641.54,2039544.013
20190419,1724.43,1740.07,1711.31,1740.03,2543.94,1941607.629
20190422,1731.29,1731.29,1674.2,1678.81,3466.42,3223485.645
20190423,1678.97,1701.14,1675.91,1684.85,3084.49,2733922.304
20190424,1691.56,1693.78,1653.84,1677.92,2481.66,2161939.046
20190425,1672.54,1683.76,1633.75,1634.43,2705.52,2097196.032
20190426,1626.51,1637.61,1614.72,1617.27,2281.11,1745465.754
20190429,1617.31,1628.75,1599.07,1602.03,2556.16,1963285.299
20190430,1596.63,1618.24,1593.28,1614.76,2117.71,1664005.427
20190506,1564.55,1568.75,1492.73,1505.09,2822.99,2160577.741
20190507,1517.64,1538.56,1507.65,1533.42,2260.16,1674518.733
20190508,1506.29,1544.8,1501.83,1522.95,1902.24,1399084.032
20190509,1512.25,1526.2,1491.71,1496.45,1685.66,1299824.128
20190510,1510.87,1547.97,1486.16,1547.77,2269.2,1755932.058
20190513,1526.46,1547.32,1523.79,1543.84,1651.74,1322693.734
20190514,1526.33,1545.06,1521.41,1527.68,1721.64,1498294.989
20190515,1540.22,1559.34,1538.3,1552.98,1758.83,1412724.634
20190516,1550.61,1564.85,1547.27,1564.45,1917.05,1468691.968
20190517,1566.22,1566.75,1509.76,1512.86,2168.24,1556225.331
20190520,1514.41,1518.21,1482.53,1500.14,1574.03,1180370.33
20190521,1501.39,1533.43,1499.23,1523.88,1567.52,1249265.05
20190522,1522.9,1523.82,1505.71,1511.32,1329.93,1065148.006
20190523,1505.88,1507.98,1485.01,1487.59,1385.79,1113821.696
20190524,1488.69,1498.51,1482.42,1485.03,1174.68,966072.5248
20190527,1486.1,1510.62,1473.25,1508.55,1479.3,1102347.366
20190528,1512.9,1535.61,1509.35,1528.49,1880.49,1602681.856
20190529,1522.58,1526.72,1514.13,1515.78,1625.91,1249913.242
20190530,1510.16,1510.16,1492.92,1504.6,1667.23,1191070.208
20190531,1504.58,1515.72,1499.73,1506.2,1526.85,1117351.731
20190603,1509.33,1518.67,1487.33,1490,1531.27,1153376.563
20190604,1491.07,1491.08,1471.05,1477.96,1470.83,1068390.707
20190605,1492.24,1510.12,1486.58,1493.25,1683.38,1389779.456
20190606,1493.66,1495.1,1473.03,1478.48,1407.23,1062177.69
20190610,1484.39,1508.58,1478.71,1500.49,1348.04,1061921.69
20190611,1504.08,1542.42,1504.08,1541.47,2009.84,1539715.891
20190612,1538.21,1538.21,1522.95,1528.06,1584.62,1220413.747
20190613,1526.59,1528.92,1513.41,1524.42,1655.74,1189715.558
20190614,1529.07,1539.3,1512.53,1515.74,1691.06,1241553.101
20190617,1512.93,1523.43,1508.04,1513.35,1178.88,788853.9136
20190618,1516.52,1517.98,1498.64,1504.64,1011.54,717442.2016
20190619,1533.29,1540.18,1511.82,1514.52,1520.33,1159811.584
20190620,1513.15,1549.98,1508.44,1543.8,1961.43,1440048.947
20190621,1546.71,1557.88,1545.78,1550.93,1954.4,1435097.088
20190624,1551.09,1551.89,1542.39,1549.33,1426.2,975767.1424
20190625,1551.16,1551.16,1520.23,1544.48,1521.98,1197421.363
20190626,1537.15,1544.94,1531.19,1536.36,1078.43,844872.2432
20190627,1539.58,1551.81,1537.83,1542.31,1193.73,927480.4224
20190628,1542.41,1542.41,1527.69,1533.1,1258.36,899277.6192
20190701,1553.62,1568.68,1549.53,1568.68,1758.97,1462035.968
20190702,1566.76,1574.66,1558.26,1574.45,1660.38,1279287.91
20190703,1572.04,1596.7,1565.15,1586.95,1872.57,1514241.331
20190704,1580.28,1615.79,1580.28,1596.11,2179.52,1674365.44
20190705,1585.27,1587.25,1571.25,1578.9,1547.72,1116922.163
20190708,1570.98,1571.46,1529.13,1541.4,2022.42,1537040.896
20190709,1535.66,1549.74,1529.39,1534.68,1731.6,1967665.562
20190710,1539.8,1541.21,1516.07,1521.61,1416.87,1269925.99
20190711,1529.42,1539.1,1514.83,1517.21,1335.07,1232292.454
20190712,1520.62,1536.05,1515.43,1532.87,1284.03,1197076.685
20190715,1526.46,1544.12,1505.69,1536.29,1428.34,1226536.448
20190716,1537.81,1553.29,1535.34,1549.14,1286.04,1202267.955
20190717,1547.41,1564.14,1542.57,1559.05,1328.87,1302481.101
20190718,1554.1,1554.1,1542.21,1542.49,1131.34,1028271.206
20190719,1559.51,1583.2,1559.18,1577.27,1671.42,1593825.485
20190722,1580.42,1587.37,1556.5,1564.02,1634.88,1470002.483
20190723,1559.67,1564.44,1536.18,1545.93,1368.53,1315070.259
20190724,1547.52,1554.75,1542.9,1547.36,1379.72,1197473.69
20190725,1547.81,1552.19,1537.63,1552.16,1229.07,1066465.382
20190726,1546.05,1556.08,1543.38,1552.53,1069.62,953412.5056
20190729,1550.28,1555.41,1540.2,1543.17,993.5,811769.7024
20190730,1543.54,1559.05,1543.18,1549.53,1037.09,841042.4832
20190731,1537.59,1537.59,1509.08,1511.51,1381.72,1258422.886
20190801,1504.62,1508.17,1484.81,1488.63,1218.43,1031529.882
20190802,1458.46,1469.84,1452.67,1465.33,1399.85,1119329.485
20190805,1455.13,1455.42,1431.12,1431.59,1136.1,954054.4512
20190806,1413.05,1419.68,1389.68,1414.03,1696.09,1290939.494
20190807,1422.72,1429.53,1418.45,1421.2,1162.24,946504.704
20190808,1423.85,1426.51,1416.99,1420.82,1008.15,729943.8592
20190809,1424.56,1425.45,1399.62,1401.19,1042.47,824794.9824
20190812,1401.21,1423.29,1401.06,1423.29,965.47,719936.512
20190813,1416.43,1420.16,1405.11,1409.26,962.83,682219.9808
20190814,1425.51,1427.58,1407.79,1409.09,1151.15,827081.7792
20190815,1388.45,1419.98,1382.33,1419.52,1135.42,838256.4864
20190816,1420.56,1430.49,1415.55,1418.47,1171.97,875052.2368
20190819,1444.28,1462.77,1437.48,1462.77,1685.21,1293283.021
20190820,1463.96,1476.72,1461.89,1467.84,1576.52,1233025.024
20190821,1467.7,1481.52,1466.3,1473.33,1358.86,1097480.294
20190822,1478.49,1478.81,1460.85,1465.69,1237.62,956900.2496
20190823,1468.45,1471.98,1459.4,1463.79,1280.58,949277.3888
20190826,1434.63,1447.58,1430.23,1445.69,1432.33,971954.2784
20190827,1454.29,1470.61,1453.98,1460.04,1731.86,1238219.264
20190828,1460.45,1462.46,1451.95,1457.31,1325.1,860385.3824
20190829,1458.03,1458.21,1431.28,1432.95,1491.54,1157512.192
20190830,1442.62,1443.68,1415.23,1419.6,1582.26,1130504.602
20190902,1418.22,1436.52,1416,1433.4,1513.59,1046248.448
20190903,1434.92,1435.45,1423.16,1427.95,1457.64,1043429.478
20190904,1427.75,1466.58,1425.66,1466.58,2173.24,1601129.472
20190905,1470.61,1491.5,1465.44,1467.47,2532.41,1870986.65
20190906,1472.98,1473.89,1461.87,1471.73,1579.83,1141901.21
20190909,1483.87,1491.1,1481.63,1489.85,1875.41,1420193.997
20190910,1491.75,1491.75,1476.8,1486.52,1653.38,1096718.438
20190911,1489.61,1490.49,1476.8,1481.67,1591.93,1109821.235
20190912,1488.33,1513.7,1488.3,1512.34,1986.09,1699477.094
20190916,1515.19,1515.19,1501.03,1505.4,1679.31,1310058.291
20190917,1503.4,1503.4,1475.73,1480.32,1669.54,1172767.846
20190918,1484.59,1501.86,1483.04,1494.15,1431.89,1159050.342
20190919,1498.05,1498.43,1484.99,1492.22,1293.68,951124.48
20190920,1493.29,1493.9,1484.94,1489.9,1335.14,1033042.534
20190923,1484.82,1484.82,1456.61,1465.16,1288.64,987082.6496
20190924,1466.74,1475.78,1461.94,1463.3,1284.5,937678.1312
20190925,1461.15,1461.44,1451.23,1452.39,1291.8,933716.48
20190926,1456.15,1467.93,1446.23,1446.94,1385.06,1108528.026
20190927,1446.93,1448.38,1439.14,1442.51,905.59,720904.9088
20190930,1441.42,1449.01,1437.53,1437.95,798.11,629130.0352
20191008,1442.13,1477.23,1442.13,1466.76,1165.25,1107930.317
20191009,1460.3,1495.74,1459.49,1492.35,1492.65,1386176.922
20191010,1493.45,1498.89,1485.76,1495.27,1275.52,1021041.152
20191011,1501.09,1508,1493.91,1505.45,1317.93,1082063.974
20191014,1514.09,1533.91,1512.94,1521.45,1744.86,1397601.28
20191015,1522.49,1529.06,1510.35,1512.89,1547.31,1050722.816
20191016,1517.66,1549.98,1517.55,1522.17,1941.68,1444519.936
20191017,1523.92,1526.59,1510.13,1514.47,1418.54,1006644.634
20191018,1518.57,1526.53,1483.6,1488.76,1528.36,1066300.928
20191021,1491.65,1516.04,1491.09,1511.83,1372.59,1162234.778
20191022,1515.72,1516.48,1501.81,1515.6,1204.65,953603.2768
20191023,1513.62,1515.85,1491.43,1496.45,1163.55,943046.656
20191024,1497.18,1506.22,1492.74,1505.56,1065.01,822140.8768
20191025,1510.34,1517.92,1501.09,1515.07,1270.1,1027045.99
20191028,1510.87,1511.35,1496.03,1509,1641.69,1327394.304
20191029,1510.61,1510.61,1496.04,1496.05,1290.6,1000514.867
20191030,1493.51,1495.56,1479.56,1482.98,1378.9,1053407.846
20191031,1486.04,1489.71,1467.72,1471.8,1345.48,992401.7152
20191101,1471.44,1496.31,1463.41,1496.31,2242.42,1512842.65
20191104,1500.67,1502.89,1490.02,1495.76,2125.5,1447976.243
20191105,1497.87,1509.97,1486.51,1500.61,1995.57,1523691.52
20191106,1500.29,1500.29,1480.87,1486.11,1860.41,1288849.101
20191107,1484.6,1496.2,1481.81,1490.55,1745.57,1139809.075
20191108,1496.63,1500.02,1481.83,1483.07,1761.14,1165914.829
20191111,1474.77,1474.77,1447.46,1449.53,1631.97,1137301.606
20191112,1450.99,1455.78,1441.84,1450.45,1202.13,801900.8
20191113,1450.42,1450.42,1432.24,1436.6,1248.05,806092.032
20191114,1438.44,1441.32,1434.35,1437.98,1175.95,802138.1632
20191115,1439.03,1440.88,1427.26,1427.57,1147.84,818635.6736
20191118,1425.79,1440.17,1418.2,1436.63,1106.93,808351.488
20191119,1436.58,1457.87,1435.42,1457.87,1243.74,927987.9168
20191120,1455.75,1460.13,1445.12,1446.5,1243.87,858276.0448
20191121,1441.27,1449.06,1436.36,1446.59,992.6,704932.3008
20191122,1448.43,1460.07,1436.81,1445.15,1303.64,950726.656
20191125,1449.16,1484.88,1449.16,1480.57,1724.79,1444608.922
20191126,1482.95,1482.95,1468.1,1473.35,1252.71,1009775.616
20191127,1471.02,1476.99,1463.78,1466.52,1148.48,911114.8544
20191128,1467.89,1468.43,1450.89,1454.89,1182.72,808228.4544
20191129,1454.44,1458.63,1446.19,1451.35,948.43,702163.5072
20191202,1455.75,1472.91,1455.56,1471.24,1198.64,1102443.622
20191203,1465.71,1477.88,1464.05,1477.54,1176.25,922864.5376
20191204,1473.27,1473.75,1464.67,1468.21,964.92,699356.8256
20191205,1472.86,1473.75,1465.54,1470.97,1170.3,849095.936
20191206,1471.94,1476.74,1468.84,1476.74,1113.4,821806.5408
20191209,1480.85,1503.42,1480.85,1503.42,1583.56,1420616.397
20191210,1500.43,1501.33,1491.84,1499.82,1362.95,1050304.102
20191211,1504.44,1516.83,1499.78,1506.52,1461.28,1239526.093
20191212,1505.8,1507.99,1494.4,1495.76,1233.97,998484.6848
20191213,1507.53,1514.71,1507.4,1513.24,1702.75,1635031.552
20191216,1514.52,1534.78,1507.79,1534.78,1847.18,1751665.664
20191217,1533.54,1580.47,1529.91,1563.3,2577.98,2196971.725
20191218,1561.66,1574.76,1555.48,1557.75,1975.03,1541775.974
20191219,1557.96,1573.1,1557.96,1565.44,1531.58,1227624.243
20191220,1571,1591.62,1571,1578.67,1852.34,1481704.243
20191223,1579.06,1584.32,1542.96,1544.47,1904.09,1430975.693
20191224,1545.45,1547.4,1525.42,1537.29,1528.09,1263944.397
20191225,1534.94,1536.88,1527.98,1532.05,1566.73,1090430.566
20191226,1540.01,1571.17,1540.01,1566.3,1936.71,1593946.01
20191227,1566.28,1577.5,1561.71,1562.86,2069.49,1561906.79
20191230,1570.03,1587.54,1564.18,1587.54,2073.96,1623745.434
20191231,1586.39,1601.72,1580.84,1597.16,1828.22,1398704.128
20200102,1618.51,1637.97,1615,1615.66,2317.44,1928554.701
20200103,1620.97,1622.18,1594.87,1604.08,2140.84,1780431.258
20200106,1591.33,1598.13,1578.73,1587.97,2300.94,1882902.528
20200107,1590.53,1602.62,1590.5,1602.4,2058.2,1564345.037
20200108,1591.14,1591.14,1568.57,1573.75,2153.68,1638825.165
20200109,1594.71,1608.35,1593.46,1604,1967.93,1665711.718
20200110,1605.34,1607.2,1585.12,1589.29,1780.67,1366662.451
20200113,1589.27,1601.42,1581.8,1601.24,1733.27,1440814.182
20200114,1603.69,1610.36,1596.95,1598.13,1861.44,1481235.149
20200115,1594.99,1596.16,1574.19,1577.17,1659.96,1304523.469
20200116,1577.07,1577.45,1568.4,1570.39,1376.76,1137082.88
20200117,1576.03,1579.98,1560.68,1565.48,1339.89,1045575.373
20200120,1565.41,1565.59,1545.34,1557.63,1577.74,1292139.418
20200121,1551.55,1551.69,1524.86,1525.47,1696.3,1397729.894
20200122,1522.78,1548.64,1513.23,1544.84,1700.84,1425991.27
20200123,1528.68,1529.38,1481.61,1489.79,1938.37,1550060.544
20200203,1344.47,1361.67,1344.47,1349.88,1282.87,1296611.021
20200204,1306.32,1359.24,1306.32,1354.89,2718.63,1816803.942
20200205,1354.3,1382.38,1348.15,1367.51,2079.33,1428809.421
20200206,1373.1,1387.72,1357.3,1382.13,2050.92,1439826.33
20200207,1372.94,1377.85,1361.11,1377.85,2071.21,1351481.139
20200210,1369.32,1412.11,1364.2,1409.88,2002.66,1479287.808
20200211,1408.73,1433.97,1407.04,1422.7,1858.73,1340188.57
20200212,1418.82,1426.13,1414.05,1425.66,1523.76,1070385.664
20200213,1433.28,1467,1433.28,1442.7,2113.94,1612385.997
20200214,1444.68,1478.65,1444.1,1478.65,2179.69,1749851.546
20200217,1483.43,1490.12,1469.15,1490.11,2343.13,1795532.595
20200218,1482.56,1482.56,1463.48,1475.87,2045.55,1559982.694
20200219,1473.87,1490.29,1470.38,1477.49,2015.31,1464937.984
20200220,1475.31,1491.93,1463.32,1491.93,2263.51,1704626.586
20200221,1489.89,1490.61,1475.56,1481.88,2334.93,1785040.691
20200224,1476.56,1476.56,1450.74,1464.34,2413.7,1781164.442
20200225,1447.08,1471.4,1435.55,1462.71,2781.41,2037152.973
20200226,1445.55,1522.17,1443.78,1494.32,3831.41,2924396.134
20200227,1499.22,1501.26,1475.44,1478.15,2530.28,1837053.133
20200228,1452.08,1489.92,1445.18,1449.37,2808.5,2137830.195
20200302,1458.38,1522.15,1458.38,1515.84,2902.39,2353632.666
20200303,1531.16,1537.29,1500.75,1515.26,2882.96,2160384.819
20200304,1518.47,1574.88,1507.72,1569.91,4160.23,2890710.221
20200305,1561.42,1588.08,1554.84,1582.91,4280.81,2909539.738
20200306,1562.32,1564.52,1538.34,1544.38,3284.89,2120612.659
20200309,1516.04,1516.4,1499,1500.15,3006.2,2128298.598
20200310,1492.05,1523.57,1475.79,1520.5,2728.67,1868718.49
20200311,1523.94,1533.06,1509.71,1509.71,2539.09,1686504.346
20200312,1493.93,1504.63,1476.63,1488.99,2425.17,1590188.442
20200313,1422.32,1480.11,1414.02,1471.18,2816.01,1880605.901
20200316,1478.65,1478.65,1423.48,1429.38,3108.64,1975905.69
20200317,1428.23,1446.99,1381.1,1409.66,2752.8,1769980.723
20200318,1407.49,1417.5,1358.57,1359.9,2655.46,2024862.106
20200319,1348.38,1358.1,1298.54,1333.57,2402.18,1803841.946
20200320,1348.11,1366.26,1335.61,1365.8,1968.99,1453512.704
20200323,1322.51,1330.92,1305.82,1308.35,1874.91,1263222.272
20200324,1329.8,1339.16,1310.43,1336.87,1847.95,1270942.72
20200325,1360.56,1400.18,1351.7,1395.77,2616.49,1859516.826
20200326,1380.81,1396.32,1375.6,1382.38,1902.25,1244072.141
20200327,1400.05,1418.49,1391.15,1396.71,2011.17,1396861.952
20200330,1378.44,1389.62,1371.25,1380.51,1708.28,1273801.626
20200331,1390.75,1394.64,1361.6,1369.65,1443.27,1065823.744
20200401,1375.71,1397.25,1373.5,1376.03,1385.48,1119729.664
20200402,1368.7,1391.35,1368.1,1391.35,1364.65,943994.2656
20200403,1388.52,1397.01,1381.39,1390.16,1359.64,944563.2
20200407,1410.35,1412.65,1400.2,1409.61,1809.39,1265888.358
20200408,1403.66,1405.2,1393.26,1401.95,1513.56,1005154.304
20200409,1408.45,1409.72,1395.46,1397.75,1494.06,957450.3424
20200410,1403.6,1413.23,1387.03,1392.36,1906.51,1222067.302
20200413,1386.55,1392.46,1381.72,1389.79,1425.83,897370.3168
20200414,1393.16,1417.05,1392.89,1415.48,1580.66,1125762.97
20200415,1413.04,1413.84,1394.3,1396.48,1417.64,965154.7136
20200416,1394.97,1403.61,1390.16,1400.86,1355.23,917443.584
20200417,1409.06,1415.18,1402.07,1406.94,1561.49,1103408.845
20200420,1408.08,1408.08,1387.37,1405.06,1583.11,1169539.891
20200421,1398.65,1404.28,1379.96,1388.33,1629.41,1158216.909
20200422,1381.24,1395.27,1374.77,1395.19,1436.94,967035.5968
20200423,1398.65,1399.46,1387.99,1394.93,1565.53,1071303.68
20200424,1395.01,1395.06,1376.13,1379.99,1517.51,1009260.032
20200427,1385.25,1402.35,1383.41,1392.06,1656.27,1204369.203
20200428,1401.64,1404.94,1371.81,1396.31,1902.93,1387910.656
20200429,1392.1,1419.31,1390.31,1419.3,1820.83,1311112.909
20200430,1420.36,1432.47,1417.1,1428.59,2342.57,1639905.178
20200506,1415.61,1421.27,1407.57,1420.2,2342.75,1737178.112
20200507,1415.8,1416.59,1407.48,1409.59,2303.79,1545094.451
20200508,1414.75,1426.45,1409.01,1422.54,2335.34,1643872.051
20200511,1423.43,1427.9,1419.77,1424.37,2139.45,1499458.15
20200512,1424.26,1424.51,1405.72,1410.44,1818.1,1276201.574
20200513,1406.12,1412.62,1401.53,1412.6,1731.49,1228268.442
20200514,1408.35,1408.35,1394.72,1395.72,2015.09,1325990.4
20200515,1401.53,1406.48,1399.02,1400.32,2081.15,1337116.979
20200518,1404.42,1416.36,1400.32,1409.73,2111.82,1621056.41
20200519,1421.06,1422.43,1404.41,1408.28,1783.02,1275857.51
20200520,1406.98,1406.98,1393.09,1395.02,1990.39,1483565.158
20200521,1398.65,1404.08,1390.86,1394.15,1931.83,1304606.72
20200522,1392.87,1393.09,1366.8,1366.9,1889.07,1332868.403
20200525,1369.39,1385.75,1366.03,1381.21,1518.06,1074087.936
20200526,1386,1394.52,1382.3,1394.08,1507.56,1066838.221
20200527,1395.14,1403.51,1390.53,1397.32,1821.99,1278172.672
20200528,1399.07,1420.65,1397.12,1402.11,1808.98,1401257.984
20200529,1401.96,1401.96,1391.37,1393.49,1823.49,1293672.448
20200601,1401.96,1428.07,1401.96,1428.07,2065.26,1559999.898
20200602,1429.01,1455.08,1428.5,1453.49,2514.59,1890364.621
20200603,1458.2,1473.93,1447.59,1448.12,2795.76,2061305.856
20200604,1455.6,1457.21,1438.94,1443.68,2535.88,1825038.746
20200605,1445.77,1446.25,1428.18,1438.24,2514.62,1795948.134
20200608,1449.61,1461.85,1446.99,1451.54,2232.94,1731363.43
20200609,1452.27,1456.9,1447.19,1452.32,1900.76,1630081.229
20200610,1453.39,1453.84,1436.86,1441.91,1929.07,1596273.664
20200611,1439.31,1445.77,1425.63,1429.97,2137.35,1784590.95
20200612,1409.25,1433.06,1405.8,1427.4,1984.06,1666832.282
20200615,1420.41,1440.02,1419.5,1420.16,2230.51,1925930.189
20200616,1430.42,1440.77,1429.59,1440.5,2080.38,1683858.125
20200617,1439.76,1439.76,1428.27,1435,2116.86,1699958.477
20200618,1435.44,1450.17,1434.86,1443.23,1999.69,1662145.638
20200619,1443.52,1449.6,1438.19,1447.22,1977.71,1688657.51
20200622,1444.83,1448.01,1437.67,1438.34,2000.88,1624624.23
20200623,1438.29,1438.29,1427.92,1430.12,1858.87,1446727.27
20200624,1434.48,1457.14,1434.27,1452.97,2157.6,1893295.309
20200629,1448.93,1449.23,1433.26,1435.96,2037.19,1715202.253
20200630,1441.84,1461.68,1439.1,1461.64,2297.1,1772162.662
20200701,1465.98,1548.41,1464.38,1535.21,3894.48,3374393.344
20200702,1548.04,1594.57,1547.4,1588.17,4533.86,3937295.565
20200703,1599.5,1617.44,1581.98,1601.24,4871.88,4072056.832
20200706,1627.17,1724.73,1627.17,1722.81,5928.16,5032924.774
20200707,1750.35,1771.96,1700.71,1706.82,6198,5289652.224
20200708,1698.24,1726.84,1679.96,1714.89,4722.04,4053031.322
20200709,1718.45,1744.57,1707.51,1744.57,4872.99,4256207.667
20200710,1732.45,1748.26,1714.41,1723.79,4954.4,4538403.226
20200713,1721.46,1743.79,1696.15,1738.94,5069.63,4364643.123
20200714,1735.8,1747.86,1685.09,1709.99,4587.94,4044623.872
20200715,1712.54,1720.44,1653.37,1653.37,4027.84,3461744.23
20200716,1655.68,1672.26,1606.55,1606.55,3863.52,3290828.8
20200717,1608.77,1617.97,1577.05,1595.49,2991.9,2530332.467
20200720,1606.66,1652.95,1604.15,1652.95,2885.82,2459911.578
20200721,1660.05,1668.09,1644.57,1655.79,2555.86,2116975.206
20200722,1651.52,1678.56,1642.01,1657.21,3012.91,2581531.648
20200723,1641.67,1647.87,1605.66,1633.52,2865.6,2385650.074
20200724,1626.42,1647.29,1578.81,1588.55,3147.49,2570687.693
20200727,1596.34,1600.05,1552.53,1562.93,2545,2020236.493
20200728,1569.72,1577.49,1557.99,1572.75,2243.28,1738982.4
20200729,1565.88,1597.38,1555.72,1596.92,2298.67,1879232.512
20200730,1596.26,1599.38,1582.61,1592.31,2446.77,1985628.16
20200731,1588.25,1613.06,1578.38,1598,2508.37,2036622.336
20200803,1607.32,1629.77,1607.32,1629.77,3056.66,2512227.942
20200804,1634.5,1653.73,1620.03,1644.02,3581.98,3036730.982
20200805,1636.47,1636.47,1609.51,1624.3,2868.21,2434035.712
20200806,1626.46,1637.28,1609.29,1627.79,2668.12,2229229.978
20200807,1620.74,1622.53,1594.57,1609.91,2872.54,2270454.784
20200810,1608.71,1654.8,1605.11,1644.88,2984.01,2631263.232
20200811,1649.48,1662.34,1629.58,1629.58,2924.26,2630991.053
20200812,1626.91,1645.18,1613.21,1645.18,2708.64,2415688.294
20200813,1648.2,1656.78,1637.98,1645.88,2258.78,1870932.787
20200814,1647.05,1671.83,1636.24,1670.88,2311.28,1980204.646
20200817,1673.72,1714.04,1668.5,1697.24,2898.72,2549523.456
20200818,1698.75,1699.37,1679.5,1688.94,2710.43,2312678.4
20200819,1685.34,1686.37,1660.79,1662.44,2481.25,2054007.398
20200820,1656.73,1660.02,1644.18,1649.55,2080.16,1591681.946
20200821,1659.45,1663.55,1645.74,1656.65,1924.57,1495761.203
20200824,1662.9,1670.43,1649.44,1650.99,2072.73,1616658.227
20200825,1654.8,1663.58,1640.21,1644.54,2084.62,1591213.056
20200826,1646.32,1651.52,1620.88,1628.27,2433.39,1804435.251
20200827,1627.22,1629.89,1606.06,1619.28,2091.49,1648264.397
20200828,1619.27,1643.4,1615.31,1641.77,2267.56,1775224.627
20200831,1647.87,1659.43,1626.03,1629.41,2620.92,2083121.152
20200901,1626.86,1627.3,1614.14,1622.68,2214.5,1638602.547
20200902,1626.1,1628.35,1607.84,1624.35,2016.84,1601592.32
20200903,1621.73,1630.32,1612.22,1614.63,1798.98,1438022.758
20200904,1597.79,1619.62,1589.96,1618.46,1662.15,1320249.446
20200907,1614.03,1647.57,1606.75,1611.1,2245.47,1968239.821
20200908,1616.09,1628.26,1606.9,1614.56,2109.34,1629762.355
20200909,1603.98,1616.38,1585.38,1594.18,2674.32,1773189.939
20200910,1612.05,1640.82,1594.9,1598.21,2708.33,2061421.568
20200911,1592.92,1596.76,1584.39,1592.89,2025.89,1521657.242
20200914,1596.6,1600.14,1578.36,1585.92,1828.89,1384560.538
20200915,1585.38,1598.26,1577.83,1595.83,1913.38,1511597.363
20200916,1594.43,1616.78,1586.17,1607.75,2018.06,1566850.355
20200917,1604.71,1609.34,1591.12,1597.63,1689.63,1311987.098
20200918,1598.06,1644.85,1594.08,1644.85,2545.01,2246565.888
20200921,1647.55,1648.09,1631.61,1633.94,1907.47,1577012.531
20200922,1622.52,1636.14,1609.68,1614.64,1673.96,1362634.24
20200923,1620.23,1622.43,1602.35,1605.61,1434.18,1118608.486
20200924,1600.72,1600.79,1573.21,1574.84,1632.46,1249355.571
20200925,1575.27,1580.22,1539.21,1542.72,1690.48,1345074.074
20200928,1548.65,1561.45,1547.34,1549.5,1450.98,1138646.221
20200929,1553.85,1557.68,1545.96,1546.64,1350.46,990499.9424
20200930,1554.77,1554.97,1523.95,1534.56,1218.51,964863.0784
20201009,1546.57,1552.86,1542.12,1549,1489.94,1192781.517
20201012,1559.19,1586.32,1558.43,1583.49,1964.92,1635126.886
20201013,1581.71,1581.71,1564.72,1572.18,1355.51,1149289.779
20201014,1568.17,1568.17,1546.75,1549.96,1377.87,1127821.619
20201015,1547.43,1553.75,1541.78,1543.55,1249.41,993467.4944
20201016,1543.17,1551.16,1540.91,1547.63,1249.37,1010102.989
20201019,1553.06,1580.77,1539.84,1543.5,1504.63,1386163.2
20201020,1539.75,1539.75,1525.36,1539.47,1157.61,991182.6432
20201021,1539.84,1540.27,1523.2,1534.23,1109.88,870513.7664
20201022,1531.15,1539,1527.6,1535.86,1176.4,993269.0432
20201023,1533.92,1541.3,1530.9,1531.85,1169.45,1005236.736
20201026,1531.9,1531.94,1511.77,1517.63,1135.33,962973.0816
20201027,1513.64,1514.87,1495.99,1500.79,1133.17,938076.3648
20201028,1500.14,1500.14,1479.08,1487.69,1060.65,916513.3824
20201029,1476.27,1490.63,1469.78,1487.94,1096.85,869946.0608
20201030,1486,1505.97,1461.3,1463.01,1546.9,1291224.781
20201102,1464.58,1471.68,1457.22,1459.8,1459.94,1160739.635
20201103,1462.99,1482.32,1456.13,1480.46,1290.12,997277.5936
20201104,1479.18,1482.4,1470.17,1478.4,1079.12,851779.1232
20201105,1487.34,1518.14,1486.89,1515.25,1506.58,1408296.653
20201106,1518.06,1523.26,1509.88,1518.85,1280.19,1170051.891
20201109,1525.9,1536.21,1524.42,1531.58,1828.32,1552179.098
20201110,1536.93,1546.55,1519.67,1524.9,1520.28,1280252.723
20201111,1523.53,1547.92,1521.86,1536.72,1607.07,1409087.078
20201112,1536.27,1536.48,1519.48,1525.09,1423.35,1143763.354
20201113,1519.58,1519.61,1491.31,1498.93,1378.45,1126505.267
20201116,1503.16,1512.22,1498.73,1511.4,1337.1,1021664.051
20201117,1511.31,1546.6,1509.79,1540.61,2053.87,1706525.491
20201118,1539.83,1565.27,1526.97,1552.95,1909.73,1692407.603
20201119,1549.84,1558.12,1543.68,1551.04,1447.63,1198020.915
20201120,1550.7,1550.94,1532.14,1544.57,1208.03,919545.1392
20201123,1543.34,1558.25,1535.94,1549.62,1530.84,1182726.042
20201124,1548.26,1554.89,1535.44,1539.42,1348.55,996505.3952
20201125,1545.99,1555.04,1530.42,1530.42,1672.8,1173078.63
20201126,1528.98,1530.76,1511.69,1524.7,1319.97,942946.9184
20201127,1530.07,1557.9,1529.55,1553.55,1542.02,1261986.099
20201130,1557.39,1584.34,1543.01,1543.01,2111.79,1879294.771
20201201,1541.29,1550.65,1519.22,1549.39,1987.1,1507706.47
20201202,1552.83,1579.87,1544.69,1561.34,2032.23,1577697.894
20201203,1564.2,1564.2,1544.89,1552.17,1449.43,1063067.136
20201204,1552.85,1552.85,1527.63,1532.22,1252.77,1045882.47
20201207,1533.38,1533.8,1507.68,1509.6,1399.94,1073570.509
20201208,1511.15,1513.49,1502.6,1503.72,1177.05,855341.312
20201209,1506.59,1507.27,1482.34,1482.44,1486.51,1014737.306
20201210,1481.82,1485.05,1475.91,1480.03,1209.38,872558.3872
20201211,1482.37,1482.63,1452.96,1460.97,1741.66,1136023.04
20201214,1466.87,1478.13,1463.37,1477.96,1423.9,1021015.04
20201215,1474.97,1474.97,1458.42,1463.88,1203.36,837063.2704
20201216,1465.15,1468.17,1452.55,1459.19,1081.27,766207.232
20201217,1458.1,1470.22,1446.49,1469.02,1326.78,896952.0128
20201218,1468.66,1472.94,1455.75,1457.81,1183.97,888475.8528
20201221,1454.52,1460.06,1441.75,1450.08,1206.97,1019361.382
20201222,1446.5,1455.82,1432.6,1435.23,1440.66,1131175.219
20201223,1435.07,1435.82,1421.26,1426.95,1444.52,1200871.526
20201224,1426.06,1430.1,1404.81,1408.88,1429.33,1058298.47
20201225,1408.62,1416.01,1400,1411.72,1145.41,843724.6464
20201228,1409.97,1413.19,1393.71,1402.44,1264.36,1010182.963
20201229,1405.45,1423.77,1404.76,1416.09,1195.43,937712.3328
20201230,1414.27,1416.7,1406.65,1410.94,1193.84,902175.744
20201231,1409.23,1427.23,1407.49,1427.12,1482.72,1082732.544
20210104,1417.79,1417.82,1389.5,1394.89,2094.58,1701658.522
20210105,1390.93,1394.11,1367.54,1394,1851.4,1485908.992
20210106,1390.55,1400.83,1389.19,1398.89,1587.91,1317857.178
20210107,1403.34,1413.61,1370.65,1381.08,1976.43,1519191.347
20210108,1378.99,1402.43,1370.79,1398.9,1838.02,1390204.723
20210111,1399.7,1415,1390.88,1393.28,1900.1,1573930.598
20210112,1391.93,1395.84,1381.16,1391.87,1701.86,1325501.645
20210113,1393.8,1402.58,1381.52,1393.05,1917.42,1466900.275
20210114,1390.34,1421.67,1389.61,1408.2,1875.37,1468945.818
20210115,1408.06,1430.86,1408,1413.53,1972.13,1528453.632
20210118,1415.33,1438.96,1409.75,1437.59,2371.54,1786494.771
20210119,1432.03,1493.16,1421.93,1469.78,3311.06,2531978.65
20210120,1461,1461.07,1439.17,1444.42,2389.33,1665033.216
20210121,1439.45,1446,1433.2,1434.7,2709.36,1698567.27
20210122,1429.99,1429.99,1400.98,1402.56,2483.08,1630703.411
20210125,1398.07,1398.43,1380.81,1387.81,2341.12,1610861.67
20210126,1383.94,1403.27,1381.55,1388.74,1767.36,1230815.642
20210127,1388.57,1396.97,1376.12,1378.6,1840.18,1295249.613
20210128,1367.95,1368.79,1354.6,1356.76,1750.78,1257570.099
20210129,1360.39,1362.7,1326.44,1332.23,1798.04,1345284.608
20210201,1332.8,1342.04,1323.16,1340.92,1843.38,1254681.088
20210202,1343.49,1355.38,1336.93,1344.82,1731.26,1201141.453
20210203,1345.08,1345.34,1325.1,1327.47,1620.42,1064893.133
20210204,1324.25,1325.08,1305.15,1311.83,1957.04,1177551.872
20210205,1314.16,1346.4,1314.16,1333.71,2042.82,1333168.742
20210208,1337.03,1352.27,1330.5,1337.01,1657.95,1116213.965
20210209,1335.95,1337.59,1322.7,1336.18,1483.77,995235.5328
20210210,1333.11,1344.62,1328.68,1336.39,1411.75,964696.6784
20210218,1347.31,1375.67,1347.31,1375.02,2013.41,1393585.664
20210219,1366.34,1396.68,1364.07,1396.23,2085.93,1363909.53
20210222,1393.38,1422.83,1393.21,1403.12,2566.3,1680055.808
20210223,1395.56,1405.6,1385.86,1391.25,1955.73,1362061.005
20210224,1390.19,1416.89,1388.52,1399.28,2103.1,1528762.061
20210225,1410.05,1503.19,1409.59,1488.63,4507.21,3728909.107
20210226,1464.8,1485.73,1446.73,1457.22,3526.3,2992990.208
20210301,1458.38,1477.42,1440.62,1468.22,2450.52,1936538.624
20210302,1466.18,1498.34,1455.95,1458.16,2285.93,1774137.958
20210303,1450.05,1474.07,1443.32,1468.08,1930,1481965.773
20210304,1464.05,1481.81,1442.96,1447.84,2206.49,1670391.501
20210305,1436.07,1448.81,1413.04,1428.77,2059.28,1577280.307
20210308,1436.69,1445.04,1412.62,1412.62,2517.09,1513061.274
20210309,1413.37,1422.63,1382.05,1395.32,2273.82,1472736.87
20210310,1400.69,1402.78,1377.93,1380.09,1744.09,1168198.042
20210311,1382.81,1403,1382.81,1397.49,1586.78,1092077.875
20210312,1397.82,1434.02,1385.11,1415.22,1911.92,1337274.47
20210315,1412.19,1423.11,1405.02,1412.55,1776.46,1143967.539
20210316,1415.59,1457.54,1409.7,1452.87,2262.76,1651306.394
20210317,1447.1,1462.9,1441.7,1447.18,1956.02,1322925.67
20210318,1446.35,1457.08,1441.9,1445.27,1752.6,1207120.486
20210319,1436.92,1436.92,1404.41,1412.06,1841.16,1392076.902
20210322,1407.43,1433,1407.17,1432.74,1584.93,1082784.768
20210323,1433.12,1433.17,1413.63,1419.79,1535.8,1010179.072
20210324,1414.06,1415.98,1394.29,1398.62,1641.54,1134002.381
20210325,1398.2,1402.03,1388.09,1391.29,1415,894884.5568
20210326,1393.86,1401.17,1393.12,1397.61,1303.46,873613.0048
20210329,1394.78,1405.1,1385.17,1400.24,1342.61,982766.592
20210330,1398.12,1409.48,1391.35,1400.99,1385.98,973409.3824
20210331,1396.15,1396.15,1383.39,1392.08,1474.49,1179609.6
20210401,1393.69,1396.56,1384.86,1391.1,1278.17,879709.696
20210402,1394.22,1402.89,1390.63,1402.78,1442.88,907702.3744
20210406,1404.14,1404.14,1394.91,1397.02,1322.42,872804.7616
20210407,1397.46,1411.71,1393.11,1411.58,1828.97,1098250.957
20210408,1406.33,1406.33,1392.33,1392.73,1865.12,1238415.053
20210409,1393.43,1393.59,1384.91,1390.42,1627.14,1067038.72
20210412,1392.27,1397.75,1386,1390.84,2068.05,1250645.402
20210413,1390.61,1391.49,1375.04,1379.42,2122.46,1138093.466
20210414,1378.99,1389.86,1377.44,1388.91,1787.62,1047268.659
20210415,1386.4,1392.56,1378.77,1387.87,2095.03,1089712.64
20210416,1391.49,1411.39,1389.22,1411.3,2374.71,1246214.656
20210419,1408.96,1413.57,1404.83,1412.69,2369.14,1274651.955
20210420,1407.06,1412.87,1402.86,1405.19,2101.85,1315328.717
20210421,1401.12,1408.28,1395.23,1407.17,1970.12,1258739.917
20210422,1410.71,1422.12,1407.92,1410.72,1952.33,1244714.598
20210423,1405.43,1405.43,1384.93,1389.62,1907.94,1368690.586
20210426,1388.23,1391.22,1376.1,1376.97,1639.85,1238504.858
20210427,1375.43,1377.84,1367.4,1376.02,1609.27,1064145.51
20210428,1376.19,1379.95,1372.51,1377.72,1727.02,1098641.715
20210429,1380.55,1387.98,1374.4,1387.11,1750.63,1149172.122
20210430,1383.56,1385.76,1362.8,1371.12,2367.4,1683331.686
20210506,1365.62,1377.18,1363.87,1368.18,1995.67,1392541.491
20210507,1367.12,1371.17,1360.5,1362.54,1857.42,1230013.03
20210510,1360.63,1360.69,1341.36,1347.87,1863.4,1224919.552
20210511,1343.03,1369.59,1339.11,1366.34,2524.61,1458409.574
20210512,1360.35,1362.06,1354.7,1359.3,2055.73,1349256.294
20210513,1355.1,1369.04,1354.46,1366.71,2226.84,1392071.066
20210514,1370.54,1384.59,1370.54,1384.53,2692.91,1767992.525
20210517,1380.83,1388.77,1378.34,1381.38,2338.02,1668094.362
20210518,1380.47,1396,1379.2,1394.9,1865.22,1339737.395
20210519,1394.73,1395.48,1382.02,1384.39,1908.82,1500805.53
20210520,1381.53,1382.49,1375.69,1379.97,1933.38,1431443.354
20210521,1380.21,1382.78,1372.2,1373.19,1829.88,1308113.818
20210524,1371.09,1383.13,1369.4,1379.58,2054.47,1498631.475
20210525,1380.82,1395.28,1375.85,1393.41,2034.58,1575201.69
20210526,1394.45,1422.52,1394.14,1410.63,2611.81,2007465.574
20210527,1409.13,1421.15,1404.64,1419.93,2382.22,1759842.714
20210528,1420.25,1428.63,1409.42,1413.23,2527.12,1890247.27
20210531,1415.49,1415.71,1405.11,1411.38,2252.48,1718895.821
20210601,1413.76,1413.76,1400.22,1407.75,2321.65,1673750.323
20210602,1404.66,1415.87,1399.99,1405.99,2315.43,1663468.032
20210603,1406.72,1426.67,1405.5,1415.21,2544.84,1868944.794
20210604,1415.01,1419.44,1400.06,1402.7,2369.61,1903045.018
20210607,1396.1,1396.6,1379.54,1382.76,2087.15,1621034.906
20210608,1389.33,1400.05,1387.02,1392.31,2034.32,1656960.512
20210609,1390.91,1393.64,1383.66,1387.51,1825.67,1424753.766
20210610,1383.75,1388.4,1376.71,1377.39,1768.56,1337896.346
20210611,1376.44,1377.05,1364.48,1366.2,2080.31,1571793.613
20210615,1364.01,1364.36,1339.27,1339.81,1931.14,1352066.458
20210616,1337.68,1355.48,1336.81,1340.94,1503.83,1164047.053
20210617,1341.44,1349.84,1335.73,1344.28,1672.94,1298049.126
20210618,1345.31,1345.35,1334.98,1343.28,1872.26,1484260.25
20210621,1339.26,1342.7,1331.61,1339.93,1754.55,1529508.045
20210622,1341.55,1347.18,1335.8,1339.88,1692.87,1392335.565
20210623,1340.46,1346.68,1337.3,1345.92,1732.57,1557501.542
20210624,1344.42,1349.34,1337.36,1338.67,1579.24,1356178.125
20210625,1339.82,1346.39,1336.04,1344.8,1506.37,1160667.75
20210628,1346.73,1347.16,1326.77,1327.92,1624.5,1224027.341
20210629,1328.04,1332.33,1319.15,1319.49,1832.42,1459806.106
20210630,1321.04,1324.69,1316.56,1319.64,1555.69,1223922.995
20210701,1321,1357.09,1317.78,1345.91,1951.46,1742872.166
20210702,1340.04,1342.47,1320.01,1321.43,1643.51,1343849.267
20210705,1322.51,1322.71,1308.13,1315.09,1480.88,1239338.598
20210706,1316.22,1340.81,1314.88,1335.31,1886.77,1535723.725
20210707,1328.33,1333.26,1320.38,1325.48,1537.75,1197972.992
20210708,1328.7,1328.91,1313.26,1318.07,1773.92,1393359.872
20210709,1313.42,1323.81,1312.02,1320.68,1530.19,1136061.542
20210712,1328.98,1328.98,1311.93,1312.85,1777.35,1410453.709
20210713,1315.14,1330.34,1311.77,1324.12,1629.08,1340445.389
20210714,1323.01,1323.25,1305.3,1305.3,1604.01,1364702.31
20210715,1305.7,1312.52,1298.98,1309.94,1634.53,1323687.219
20210716,1312.02,1315.65,1306.85,1308.01,1625.79,1514583.859
20210719,1300.46,1300.46,1281.39,1288.79,1517.34,1251714.867
20210720,1281.5,1284.06,1276.09,1282.42,1406.66,1064080.691
20210721,1282.8,1287.75,1273.32,1276.4,1403.59,1136332.902
20210722,1278.18,1288.9,1273.31,1286.68,1646.2,1355355.648
20210723,1285.89,1286.67,1272.02,1275.93,1919.99,1489432.986
20210726,1264.89,1264.89,1216.01,1225.04,2147.7,1833431.04
20210727,1222.28,1223.86,1181.73,1181.73,2135.18,1819360.051
20210728,1177.4,1183.97,1162.54,1172.48,1798.47,1355840.102
20210729,1182.27,1184.77,1169.06,1177.31,1438.98,1124800.819
20210730,1172.43,1180.74,1159.61,1177.98,1468.88,1113272.525
20210802,1175.36,1196.42,1158.47,1191.4,1810.36,1398374.298
20210803,1187.33,1196.99,1186.33,1188.94,1601.23,1218338.509
20210804,1188.18,1188.18,1179.81,1182.3,1293.01,994464.8704
20210805,1186,1219.44,1185.26,1196.59,1966.24,1451638.989
20210806,1189.18,1197.06,1179.9,1195.52,1457.07,1068462.08
20210809,1193.47,1246.69,1191.35,1234.57,2079.37,1618848.666
20210810,1232.92,1239.48,1218.99,1236.46,1784.15,1385559.552
20210811,1251.64,1297.34,1251.64,1273.98,2663.43,2162542.387
20210812,1269.82,1276.38,1259.65,1260.04,1699.94,1315102.208
20210813,1258.45,1267.31,1248.38,1256.61,1561.22,1256190.874
20210816,1260.02,1286.08,1256.98,1273.75,1919.12,1532306.944
20210817,1269.38,1294.35,1263.53,1267.88,2188.92,1709306.163
20210818,1265.28,1284.14,1254.11,1280.88,1689.3,1396209.357
20210819,1275.29,1279,1259.92,1262.9,1537.7,1285805.773
20210820,1264.22,1270.54,1250.18,1263.47,1741.23,1462717.03
20210823,1263.71,1270.39,1262.28,1263.52,1627.28,1300751.77
20210824,1263.03,1276.42,1263.03,1270.45,1909.45,1526177.69
20210825,1277.01,1277.01,1263.26,1268.38,1959.79,1619948.646
20210826,1265.86,1275.27,1254.78,1256.35,2124.21,1630478.848
20210827,1254.68,1256.5,1243.78,1254.21,1859.45,1344553.062
20210830,1246.33,1246.33,1227.35,1230.82,2397.25,1866786.202
20210831,1229.02,1257.48,1228.5,1256.07,2381.16,1788482.15
20210901,1252.85,1299.52,1250.3,1293.25,2892.32,2203294.515
20210902,1294.08,1317.1,1288.39,1311.99,2501.17,1938182.554
20210903,1319.37,1327.08,1302.92,1314.39,2849.83,2042963.354
20210906,1309.56,1316.14,1302.53,1306.8,2608.33,1860666.163
20210907,1310.09,1315,1298.79,1311.74,2475.05,1691453.235
20210908,1313.05,1320.84,1310.34,1313.46,2461.59,1583899.136
20210909,1314.01,1321.08,1306.28,1317.08,2162.34,1436742.861
20210910,1321.09,1337.83,1315.06,1324.07,2572.91,1742633.984
20210913,1323.97,1355.42,1315.62,1354.84,2699.67,2043686.912
20210914,1355.32,1360.98,1316.7,1317.95,2618.19,2013020.774
20210915,1317.35,1320.21,1297.12,1304.47,2181.42,1789901.005
20210916,1306.22,1309.2,1272.55,1273.79,2843.29,1947367.629
20210917,1272.15,1288.12,1268.46,1280.4,2417.4,1717739.008
20210922,1258.88,1313.95,1256.28,1312.76,2479.55,2034077.696
20210923,1318.8,1361.4,1318.8,1340.74,2900.84,2185988.301
20210924,1340.75,1354.59,1328.03,1330.28,2292.75,1673507.942
20210927,1327.52,1329.47,1286.21,1288.55,2456.3,1727341.773
20210928,1307.04,1340.4,1307.04,1332.05,2351.37,1950326.989
20210929,1332.49,1337.99,1317.31,1317.31,2222.89,1644461.67
20210930,1328.6,1348.58,1321.15,1331.36,2034.44,1557831.27
20211008,1345.73,1345.93,1321.45,1328.66,1898.34,1354432.819
20211011,1330.75,1357.3,1329.98,1340.28,1875.59,1476254.106
20211012,1337.32,1366.21,1330.92,1343.03,2244.9,1829869.158
20211013,1342.44,1347.75,1322.1,1336.47,1842.08,1450051.482
20211014,1333.03,1335.05,1310.69,1312.43,1793.44,1385395.814
20211015,1312.36,1319.87,1303.59,1308.25,1987.66,1378700.8
20211018,1304.11,1304.11,1276,1294.08,1892.68,1469836.698
20211019,1293.26,1297.06,1278.29,1287.04,1555.57,1187381.965
20211020,1287.88,1289.03,1274.6,1279.01,1652.4,1339540.48
20211021,1283.13,1306.43,1278.34,1301.19,1972.44,1596338.995
20211022,1313.77,1356.74,1313.77,1321.51,2668.12,2103920.23
20211025,1292.83,1321.76,1288.56,1296.47,2410.2,1834029.056
20211026,1297.1,1302.41,1272.47,1272.99,1899.95,1586931.2
20211027,1271.42,1271.42,1251.94,1257.07,1767.28,1347751.834
20211028,1255.49,1255.6,1228,1231.47,1778.7,1345387.008
20211029,1226.05,1227.95,1207.31,1218.32,1936.73,1611847.066
20211101,1213.04,1219.13,1201.59,1204.96,1892.14,1354107.699
20211102,1205.66,1210.91,1168.15,1177.3,1992.61,1416346.726
20211103,1177.9,1198.59,1174.21,1195.42,1556.75,1133672.858
20211104,1193.76,1193.76,1179.92,1190.89,1538.95,991443.6608
20211105,1188.07,1188.07,1170.59,1171.7,1749.19,1188928.512
20211108,1176.95,1185.82,1170.92,1183.23,1547.14,1150631.731
20211109,1182.35,1186.19,1177.72,1183.11,1356.66,922472.7552
20211110,1186.38,1217.95,1171.87,1216.66,2022.05,1487429.325
20211111,1218.87,1287.86,1218.7,1286.34,3308.77,2653864.96
20211112,1282.8,1282.8,1254.77,1272.24,2982.35,2212605.338
20211115,1270.92,1270.92,1249.36,1261.85,2135.42,1464459.059
20211116,1258.72,1268.73,1251.16,1251.55,1738.78,1168484.352
20211117,1254.17,1257.64,1244.24,1255.97,1502.02,1064279.654
20211118,1255,1256.23,1237.69,1239.34,1569.83,1174168.064
20211119,1236.14,1287.89,1234.65,1281.16,2093.48,1681841.971
20211122,1279.05,1279.05,1254.92,1261.47,1992.9,1620916.019
20211123,1260.99,1281.11,1258.19,1271.9,1771.59,1350573.568
20211124,1269.69,1292.8,1268.89,1281.62,1933.17,1438433.997
20211125,1280.31,1288.67,1275.65,1277.05,1684.51,1243064.115
20211126,1273.6,1273.6,1263.38,1267.91,1516.43,1173075.456
20211129,1253.15,1258.55,1248.77,1252.16,1633.11,1187519.078
20211130,1251.13,1262.46,1242.79,1247.53,1592.61,1151919.821
20211201,1245.44,1269.73,1245.2,1263.69,1729.16,1260763.648
20211202,1260.57,1275.92,1253.41,1271.85,1855.48,1321800.704
20211203,1271.08,1289.13,1263.5,1285.39,1788.78,1301252.915
20211206,1305.54,1324.09,1288.19,1288.19,2208.89,1639449.19
20211207,1314.29,1323.45,1296.77,1301.25,3082.51,2115932.365
20211208,1302.3,1302.99,1282.17,1300.48,2417.9,1657682.637
20211209,1299.32,1328.47,1298.76,1323.81,2857.66,1924574.618
20211210,1315.77,1323,1307.23,1313.91,2896.64,1888493.158
20211213,1312.34,1319.48,1303.1,1304.86,2447.27,1699233.69
20211214,1301.98,1301.98,1287.15,1291.26,2168.99,1607103.693
20211215,1289.6,1311.49,1289.47,1303.71,2684.01,1617423.667
20211216,1301.44,1312.73,1295.36,1308.95,2431.44,1443466.547
20211217,1308.67,1325.89,1303.2,1308.12,3170.52,1599727.206
20211220,1308.29,1337.35,1308.29,1317.78,3989.53,2103931.085
20211221,1322.11,1386.21,1322.11,1384.33,6267.73,3303810.662
20211222,1390.09,1395.62,1357.65,1359.36,7219.43,3431500.8
20211223,1348.91,1358.39,1331.83,1340.41,4460.26,2240830.259
20211224,1335.38,1335.58,1314.07,1322.81,3517.18,1793694.31
20211227,1327.48,1344.82,1322.76,1325.39,2904.82,1715562.189
20211228,1320.07,1322.45,1305.7,1319.83,2716.83,1622882.816
20211229,1319.63,1320.51,1310.17,1312.13,2107.92,1293662.31
20211230,1310.54,1318.11,1310.31,1311.45,2146.4,1351360.205
20211231,1310.64,1340.53,1310.64,1333.51,2303.14,1577947.443
20220104,1327.65,1351.76,1319.54,1350.15,2936.95,1923051.725
20220105,1347.4,1376.08,1346.26,1354.78,3237.26,2231190.323
20220106,1350.33,1371.01,1345.22,1349.27,3185.66,1955085.107
20220107,1356.98,1399.05,1356.98,1383,4733.2,2826894.95
20220110,1375.74,1405.07,1373.6,1400.01,4435.41,2599919.411
20220111,1398.32,1433.95,1393.39,1400.41,4350.89,2720700.416
20220112,1395.17,1395.27,1370.43,1391.34,3354.31,2013573.734
20220113,1387.8,1408.73,1367.67,1368.44,4021.19,2134238.618
20220114,1366.12,1366.12,1332.79,1334.51,3765.06,2089936.282
20220117,1334.16,1357.41,1334.16,1349.28,2799.66,1685511.68
20220118,1349.31,1388.8,1344.41,1372.99,3065.83,1918143.283
20220119,1377.82,1399.12,1371.47,1380.02,3028.14,1881208.832
20220120,1391.97,1409.76,1372.74,1373.86,3830.27,2439888.691
20220121,1368.64,1376.1,1355.49,1365.67,3132.92,1761129.472
20220124,1364.22,1391.17,1346.62,1379.46,2686.37,1611296.051
20220125,1373.12,1377.24,1329.69,1330.1,2909.09,1679291.29
20220126,1338.39,1343.64,1320.22,1332.32,2436.13,1309612.134
20220127,1327.09,1336.16,1309.71,1310.26,2494.64,1397326.746
20220128,1316.99,1326.74,1303.69,1309.63,2378.53,1358330.061
20220207,1310.78,1336.5,1301.51,1333.98,2674.55,1515243.008
20220208,1328.79,1344.94,1323.99,1344.18,3091.61,1610037.658
20220209,1347.26,1374.64,1344.64,1347.18,3269.81,1943508.173
20220210,1342.55,1371.65,1323.82,1362.1,2919.41,1775583.027
20220211,1370.86,1391.46,1364.2,1365.04,3928.73,2188719.104
20220214,1351.36,1351.36,1323.03,1326.59,3651.14,1947949.67
20220215,1326.12,1329.07,1306.03,1314.07,2798.83,1508452.762
20220216,1316.09,1337.76,1311.25,1329.77,2410.51,1332304.589
20220217,1328.53,1328.53,1307.06,1311.77,2569.2,1475690.906
20220218,1309.65,1358.8,1309.01,1358,3360.59,1943506.944
20220221,1357.38,1375.36,1343.75,1371.43,3399.86,1801262.694
20220222,1364.56,1383.7,1355.9,1363.7,3195.61,1837504.512
20220223,1362.24,1363.67,1344.15,1351.67,2795.69,1717213.389
20220224,1346.89,1357.77,1310.51,1322.81,3654.71,2105334.989
20220225,1326.87,1343.07,1314.99,1319.45,2515.37,1612171.264
20220228,1315.24,1317.31,1295.7,1309.36,2196.61,1432576.512
20220301,1308.41,1327.35,1308.41,1326.14,2166.04,1489771.725
20220302,1328.57,1350.48,1326.31,1336.91,2518.33,1628749.312
20220303,1340.44,1365.22,1340.44,1360.09,2802.95,1929735.373
20220304,1354.5,1354.64,1334,1345.82,2599.29,1913629.491
20220307,1343.28,1363.68,1339.84,1343.98,2909.16,1959394.509
20220308,1340.96,1341.85,1300.71,1301.38,2781.68,1859254.272
20220309,1306.85,1308.61,1218.96,1261.24,3238.61,2243634.176
20220310,1281.45,1289.93,1260.34,1272.21,2367.2,1515691.93
20220311,1255.66,1275.63,1238.02,1273.84,2456.74,1642350.899
20220314,1260.25,1294.06,1248.17,1248.31,2599.44,1718629.786
20220315,1238.44,1238.44,1155.25,1156.17,3389.2,2165899.264
20220316,1164.39,1199.51,1132.83,1190.98,3293.13,2159283.61
20220317,1233.55,1256.03,1228.32,1237.86,4036.72,2478794.957
20220318,1226.12,1297.29,1222.54,1296.41,4906.58,2710328.73
20220321,1290.92,1306.02,1271.99,1297.06,5302.46,2702749.491
20220322,1287.06,1353.7,1284.45,1341.96,7649.31,4116989.542
20220323,1339.6,1390.17,1324.04,1366.14,8481.87,4434889.523
20220324,1347.4,1370.96,1341.54,1345.49,7004.33,3423507.661
20220325,1340.64,1373.76,1325.27,1349.1,8024.96,3854104.986
20220328,1339.29,1389.72,1336.67,1376.6,8389.55,4116140.032
20220329,1367.35,1376.49,1349.54,1355.57,8052.07,3918507.622
20220330,1360.06,1443.71,1360.06,1428.54,10549.87,5446381.158
20220331,1424.46,1479.83,1422.18,1446.93,12356.18,6817247.232
20220401,1434.78,1496.98,1427.97,1490.69,11332.45,6626066.022
20220406,1516.61,1554.18,1488.11,1534.19,11343.38,6835841.434
20220407,1504.84,1529.57,1472.65,1474.38,11104.8,6257098.752
20220408,1471.53,1527.31,1444.42,1516.44,11306.03,6389206.63
20220411,1487.97,1487.97,1449.55,1460.68,9072.33,5282386.33
20220412,1450.75,1473.46,1416.67,1421.53,9405.9,5260041.421
20220413,1404.39,1441.75,1378.9,1407.79,8173.79,4497362.534
20220414,1411.32,1482.61,1411.32,1462.63,7607.53,4378433.536
20220415,1450,1509.39,1449.24,1468.79,7913.12,4736144.998
20220418,1444.35,1478.3,1416.67,1419.79,6940.15,4073650.995
20220419,1412.38,1434.3,1382.28,1425.82,6502.16,3513092.915
20220420,1417.99,1419.78,1344.48,1355.84,7022.88,4048561.766
20220421,1346.81,1359.42,1311.76,1317.98,5835.48,3157740.134
20220422,1304.86,1344.19,1289.77,1332.7,5000.93,2826325.402
20220425,1312.67,1340.04,1259.86,1260.63,5448.35,2919728.947
20220426,1264.48,1305.31,1254.96,1265,5745.73,3010605.67
20220427,1247.16,1273.11,1212.93,1248.2,6272.1,3311064.474
20220428,1241.32,1296.67,1235.13,1287.72,6225.88,3340360.909
20220429,1285.94,1334.55,1272.71,1330.52,7192.9,4005180.621
20220505,1334.57,1347.21,1291.78,1321.54,6622.37,3857495.654
20220506,1282.98,1294.01,1248.51,1256.19,5769.5,3135231.181
20220509,1250.38,1285.83,1248.42,1275.42,4973.29,2677623.398
20220510,1255.68,1295.05,1242.51,1289.35,6255.94,3530211.738
20220511,1286.8,1300.19,1269.57,1273.13,6777.32,3926574.285
20220512,1268.58,1279.37,1235.84,1253.06,5646.56,3325335.142
20220513,1256.29,1308.86,1245.52,1308.15,7380.99,4082740.838
20220516,1344.54,1348.2,1304.13,1330.84,7557.35,4300752.077
20220517,1321.82,1327.75,1290.89,1311.12,6154.75,3388767.027
20220518,1304.51,1320.97,1287.11,1302.89,5264.22,2904490.189
20220519,1280.28,1335.14,1278.78,1333.17,6396.88,3503044.198
20220520,1339.39,1341.51,1305.9,1315.25,6253.51,3559103.283
20220523,1308.17,1311.37,1281.59,1284.89,4715.89,2746452.787
20220524,1283,1288.28,1259.63,1259.63,5257.26,2762608.64
20220525,1255.76,1268.59,1243.45,1268.06,3730.83,1870367.539
20220526,1268.02,1288.93,1264.27,1278.39,4390.28,2316952.986
20220527,1277.71,1281.1,1261.42,1272.3,4089.81,2262461.03
20220530,1270.97,1279.71,1248.78,1255.48,3748.55,2290677.146
20220531,1252.51,1256.27,1237.13,1249.98,3678.3,2262956.237
20220601,1246.39,1263.94,1240.39,1253.61,3541.55,2057106.227
20220602,1249.29,1250.46,1229.77,1234.58,3648.33,2051902.874
20220606,1228.33,1228.33,1203.8,1224.84,3829.75,2407524.147
20220607,1221.82,1243.11,1221.3,1242.6,3988.58,2304052.838
20220608,1238.79,1238.84,1214.55,1229.06,3464.53,2063554.97
20220609,1227.29,1249.83,1225.77,1237.21,3382.62,2103006.618
20220610,1228.58,1236.34,1226.18,1235.51,3309.15,1866906.624
20220613,1225.22,1226.58,1193.06,1202.41,3248.36,1953155.891
20220614,1192.42,1222.32,1190.43,1222.32,3583.31,1942052.045
20220615,1222.4,1274.81,1218.08,1250.03,5023.92,2904364.646
20220616,1250.25,1267.51,1236.27,1241.46,3238.49,1864053.76
20220617,1234.34,1245.08,1223.58,1234.3,3085.58,1782902.989
20220620,1241.18,1268.8,1237.9,1261.91,3451.89,2257119.642
20220621,1263.15,1297.54,1261.7,1271.25,4320.76,2601085.133
20220622,1269.75,1274.32,1247.84,1249.03,3117.24,1785175.654
20220623,1248.85,1271.56,1239.55,1271.21,2841.59,1744535.962
20220624,1269.58,1275.78,1252.77,1259.48,2751.6,1731866.829
20220627,1258.87,1276.22,1255.57,1264.27,2859.67,1809940.07
20220628,1260.8,1268.49,1248.01,1255.03,2916.26,1782189.466
20220629,1255.84,1312.87,1255.06,1302.82,4991.24,3323174.093
20220630,1305.52,1328.77,1290.82,1318.12,3943.49,2731566.694
20220701,1318.07,1333.61,1309.61,1311.38,3265.06,2032766.157
20220704,1307.52,1308.86,1290.08,1305.1,2818.94,1784676.557
20220705,1303.51,1306.34,1276.63,1288.41,2557.27,1726147.174
20220706,1286.31,1288.5,1251.1,1259.44,2575.5,1557525.709
20220707,1262.5,1275.72,1253.97,1258.25,2015.57,1305203.814
20220708,1259.69,1274.52,1252.17,1262.34,1888.09,1180641.69
20220711,1256.74,1266.58,1241.43,1245.06,2074.12,1201795.789
20220712,1244.97,1263.68,1242.29,1254.71,2300.83,1405585.715
20220713,1256.9,1291.98,1256.9,1268.51,3006.36,1905944.986
20220714,1261.62,1265.09,1239.9,1249.84,3316.92,1972400.128
20220715,1244.48,1245.72,1194.18,1194.19,3853.54,2149164.442
20220718,1194.32,1235.82,1193.73,1232.09,3200.93,1721384.96
20220719,1232.5,1237.06,1218.31,1234.64,2727.76,1416522.24
20220720,1235.97,1243.37,1230.41,1234,2150.79,1200770.56
20220721,1231.62,1235.34,1215.46,1218.22,2381.94,1500987.187
20220722,1219.05,1227.91,1205.7,1215.92,2060.44,1233987.584
20220725,1218.91,1245.46,1217.24,1231.87,2877.99,1612564.992
20220726,1229.69,1287.9,1228.7,1282.1,4532.51,2395275.878
20220727,1280.66,1283.76,1260.06,1276.3,4279.46,2137444.966
20220728,1276.46,1297.28,1267.63,1279.45,3862.88,1981491.405
20220729,1278.07,1278.07,1255.69,1257.94,3199.67,1770546.79
20220801,1253.07,1253.07,1232.25,1240.07,2571.09,1529704.243
20220802,1230.89,1230.89,1192.04,1204.52,3216.22,1735026.893
20220803,1205.02,1217.98,1173.96,1177.61,2498.83,1522126.643
20220804,1180.24,1189,1167.71,1185.56,1984.78,1166520.218
20220805,1186.14,1202.71,1182.26,1202.03,2134.61,1262555.136
20220808,1207.99,1230.45,1200.54,1205.38,2583.65,1538049.536
20220809,1204.15,1215.9,1191.7,1203,2490.81,1320409.6
20220810,1200.52,1206.7,1192.53,1196.01,1929.75,1216031.232
20220811,1200.62,1214.55,1200.62,1213.06,2149.18,1297484.595
20220812,1209.52,1227.01,1204.44,1222.98,2553.15,1337653.658
20220815,1222.01,1235.53,1216.46,1217.67,2477.67,1341712.794
20220816,1224.47,1246.35,1224.47,1236.05,3652.95,1777182.106
20220817,1235.53,1267.57,1228.31,1259.72,3939.06,1932157.542
20220818,1257.03,1257.03,1238.06,1246.5,3030.37,1434796.954
20220819,1244.19,1279.88,1243.84,1262.77,3078.63,1619285.606
20220822,1261.54,1275.87,1251.12,1268.74,2926.07,1583559.373
20220823,1268.86,1272.05,1249.15,1257.95,2404.21,1327643.648
20220824,1255.51,1259.49,1234.43,1235.48,2637.79,1344307.2
20220825,1245.8,1258.23,1237.26,1254.46,2532.22,1398841.446
20220826,1254.34,1255.43,1240.89,1245.28,2148.6,1173665.28
20220829,1232.23,1243.73,1219.2,1242.57,1985.01,1098391.142
20220830,1242.38,1259.89,1242.02,1257.43,2254.76,1178306.253
20220831,1262.75,1277.58,1255.1,1257.17,2671.42,1596197.069
20220901,1257.29,1296.02,1252.38,1271.62,3916.49,2051393.126
20220902,1272.79,1273.7,1256.01,1265.11,2658.84,1440430.182
20220905,1264.58,1287.72,1261.49,1286.21,3066.4,1627389.133
20220906,1287.54,1323.12,1286.81,1319.04,4265.23,2442685.235
20220907,1313.59,1323.56,1300.44,1317.7,3560.55,1956680.909
20220908,1321.1,1327.62,1299.79,1316.2,2963.15,1698913.28
20220909,1315.32,1363.01,1312.46,1360.22,4874.89,2946976.358
20220913,1355.05,1358.97,1325.63,1331.63,4029.47,2400670.106
20220914,1317.71,1352.59,1317.04,1329.17,3395.36,2031531.418
20220915,1339.09,1370.08,1334.36,1360.8,5212.34,3095979.418
20220916,1353.16,1361.14,1309.96,1309.96,5388.91,3104347.75
20220919,1302.75,1315.92,1282.93,1311.66,3794.25,2160965.427
20220920,1314.41,1329.1,1281.18,1289.98,3817.08,2240999.424
20220921,1284.68,1316.27,1269.16,1307.17,4277.52,2150072.73
20220922,1299.8,1307.12,1274.68,1284.33,3612.25,1921867.571
20220923,1281.96,1313.14,1273.64,1275.35,4037.63,1988224.205
20220926,1277.67,1299.82,1262.64,1263.89,4039.95,1942172.262
20220927,1265.68,1273.88,1242.42,1272.29,3582.74,1798030.95
20220928,1265.41,1270.54,1246.73,1246.73,3139.55,1532852.634
20220929,1253.22,1254.65,1215.9,1220.35,3149.9,1469874.586
20220930,1238.36,1262,1219.43,1244.65,3354.14,1749685.043
20221010,1246,1283.23,1244.96,1246.66,3405.92,1903114.65
20221011,1243.85,1244.58,1217.93,1222.86,2693,1419256.013
20221012,1221.5,1245.17,1212.64,1245.17,2850.67,1435484.979
20221013,1235.08,1236.19,1201.14,1222.08,2856.64,1586141.286
20221014,1222.9,1251.79,1217.32,1222.45,2944.58,1583835.955
20221017,1211.66,1223.92,1185.62,1222.76,2927.78,1600795.75
20221018,1223.48,1231.24,1199.85,1208.46,2726.27,1455046.349
20221019,1205.75,1221.45,1202.57,1202.88,2635.97,1413197.005
20221020,1196.78,1204.87,1186.72,1191.55,2323.94,1206085.837
20221021,1200.45,1214.62,1188.69,1193.52,2585.76,1432776.397
20221024,1185.73,1188.79,1150,1153.41,2965.01,1528785.818
20221025,1149.81,1155.3,1134.12,1140.83,2252.78,1186765.005
20221026,1142.29,1146.73,1122.8,1127.61,2356.42,1439064.474
20221027,1128.91,1149.85,1128.67,1140.27,2338.11,1295441.818
20221028,1135.12,1135.72,1098.95,1101.88,2805.36,1305558.528
20221031,1086.5,1087.04,1052.74,1066.17,2970.06,1638442.189
20221101,1066.73,1078.19,1049.49,1078.19,2689.46,1553260.544
20221102,1071.19,1102.65,1067.9,1096.74,2679.85,1440316.723
20221103,1087.13,1099.51,1079.84,1084.14,2198.39,1198039.04
20221104,1083.39,1115.74,1083.08,1109.87,2603.75,1394465.792
20221107,1107.85,1125.14,1104.18,1121.56,2674.37,1305153.536
20221108,1120.8,1137.98,1117.13,1125.75,2477.5,1411823.206
20221109,1139.08,1169.59,1139,1144.6,3960.29,2090142.106
20221110,1137.43,1153.05,1124.14,1146.17,3704.51,1695815.168
20221111,1173.56,1233.21,1173.56,1220.41,7277.3,3613385.114
20221114,1264.35,1271.87,1227.48,1244.18,7658.75,3983499.264
20221115,1241.44,1272.16,1232.26,1257.68,6298.9,3443128.32
20221116,1251.66,1253.93,1224.88,1233.08,5310.12,2835249.357
20221117,1228.74,1245.23,1219.68,1236.95,4226.93,2234836.378
20221118,1238.11,1242.76,1221.83,1225.61,3925.18,2099831.398
20221121,1216.99,1221.39,1192.22,1220.86,3430.78,1851242.086
20221122,1230.96,1242.89,1205.14,1211.11,3466.51,1885535.642
20221123,1204.89,1216.17,1200.64,1210.21,2463.98,1266490.368
20221124,1232.67,1242.99,1216.51,1232.6,4719.66,2472172.339
20221125,1236.82,1292.05,1236.82,1287.46,6638.25,3612053.094
20221128,1259.09,1287.18,1249.48,1284.29,5395.73,2760093.082
20221129,1353.83,1387.59,1321.8,1382.14,9156.79,4934441.37
20221130,1385.42,1416.13,1350.21,1356.13,10734.4,5751046.554
20221201,1360.72,1373.79,1340.38,1353.92,9448.76,4833982.054
20221202,1338.97,1338.97,1304.35,1328.32,6877.29,3922098.995
20221205,1336.64,1359.35,1336.64,1339.5,6584.57,3875867.443
20221206,1330.72,1340.04,1317.5,1330.6,5505.73,2967418.88
20221207,1318.23,1324.53,1293.86,1305.73,4425.86,2514468.045
20221208,1304.63,1336.84,1304.11,1329.07,5198.09,2820691.149
20221209,1333.22,1369.82,1333.22,1359.08,6416.74,3768736.973
20221212,1341.59,1343.13,1310.78,1312.03,4429.66,2459495.424
20221213,1309.47,1329.91,1300.34,1322.1,3928.27,2103655.834
20221214,1319.64,1319.64,1304.33,1308.26,3419.99,1835980.595
20221215,1302.43,1313.55,1283.1,1311.99,3563.1,2081982.259
20221216,1322.36,1345,1309.19,1329.21,5212.48,2951304.397
20221219,1334.4,1359.62,1308.1,1326.37,5233.04,3118698.906
20221220,1301.42,1301.77,1277.62,1277.69,4359.01,2581732.966
20221221,1271.94,1286.07,1263.66,1268.51,3535.71,2003326.976
20221222,1284.04,1294.75,1261.36,1265.66,3827.28,2154915.84
20221223,1255.13,1275.73,1254.78,1265.35,3012.11,1777744.896
20221226,1261.11,1261.53,1242.04,1245.37,3103.34,1882889.83
20221227,1248.18,1269.38,1245.03,1253.51,3323.08,2028404.531
20221228,1248.87,1263.15,1237.8,1256.22,3408.76,2012533.965
20221229,1250.45,1250.53,1221.52,1226,3478.07,1946557.85
20221230,1228.83,1234.08,1217.12,1230.3,2985.2,1683573.965
20230103,1231.67,1253.74,1229.69,1244.73,3127.06,1896261.018
20230104,1244.3,1300.7,1240.42,1290.49,4765.76,2963694.387
20230105,1291.12,1297.95,1277.15,1292.14,3860.77,2276590.797
20230106,1305.2,1310.34,1275.06,1277.04,3668.34,2116426.957
20230109,1278.56,1284.87,1262.93,1265.63,2626.27,1604958.208
20230110,1267.47,1269.9,1256.04,1262.26,2382.28,1349291.315
20230111,1265.74,1294.1,1264.63,1274.38,2631.24,1718500.557
20230112,1270.4,1270.4,1245.48,1252.29,2457.51,1513876.48
20230113,1249.64,1261.06,1248.5,1259.27,2097.33,1275283.866
20230116,1258.63,1267.52,1246.82,1265.28,2519.51,1463921.664
20230117,1265.96,1269.29,1253.07,1263.52,2207.14,1274177.024
20230119,1250.42,1261.16,1243.23,1261.16,1963.8,1140585.677
20230120,1260,1271.96,1256.63,1270.73,2258.3,1229432.115
20230130,1286.1,1287.24,1259.76,1262,3053.17,1845135.77
20230131,1257.04,1284.88,1251.45,1283.54,3388.44,1753915.597
20230201,1282.5,1283.39,1262.29,1278.38,3011.94,1680789.094
20230202,1277.91,1287.44,1265.77,1280.39,3109.78,1830165.504
20230203,1275.96,1275.96,1256.28,1262.54,2769.63,1522781.082
20230206,1254.27,1254.27,1239.27,1241.9,2477.57,1467420.16
20230207,1243.07,1266.07,1243.01,1259.83,2918.88,1666658.918
20230208,1258.57,1275.45,1258.34,1261.69,2827.66,1545882.01
20230209,1260.91,1276.73,1256.04,1272.31,2297.54,1313558.016
20230210,1270.81,1287.77,1265.53,1280.54,2509.28,1380381.389
20230213,1277.19,1283.66,1266.12,1278.57,2416.86,1487138.202
20230214,1281.42,1293.47,1274.81,1280.45,2426.62,1364138.291
20230215,1277.76,1277.76,1257.07,1259.41,2185.61,1358808.576
20230216,1259.7,1276.3,1236.98,1245.09,2974.24,1634899.251
20230217,1244.52,1254.84,1239.55,1239.86,2013.41,1108864.41
20230220,1238.65,1260.86,1236.74,1260.86,2222.24,1277064.499
20230221,1276.45,1284.71,1259.51,1269.4,3073.55,1725856.563
20230222,1259.29,1264.71,1256.71,1262.74,2301.04,1182721.331
20230223,1263.8,1275.17,1259.76,1265.36,2416.17,1301387.776
20230224,1266.5,1267.02,1243.86,1253.4,1911.67,1086357.709
20230227,1254.33,1266.58,1250.89,1252.82,1888.1,1073124.864
20230228,1253.41,1263.47,1244.08,1262.62,2282.95,1165388.39
20230301,1261.61,1271.67,1259.35,1271.67,2400.74,1315602.125
20230302,1268.04,1269.74,1257.81,1258.93,2035.81,1326829.773
20230303,1260.22,1264.31,1254.28,1263.69,2072.73,1206067.098
20230306,1262.27,1262.27,1241.68,1244.72,2284.03,1384712.192
20230307,1244.71,1246.74,1220.73,1220.81,2097.68,1180916.531
20230308,1219.63,1225.08,1215.17,1224.8,1513.28,868660.9408
20230309,1226.39,1228.92,1219.84,1224.37,1755.71,953998.9504
20230310,1218.36,1218.36,1200.83,1202.93,1983,1092132.454
20230313,1199.11,1208.58,1190.51,1196.63,1878.62,1030284.39
