date,open,high,low,close,volume,adjustedclose
20180102,3314.03,3349.05,3314.03,3348.33,20227.89,22778845.59
20180103,3347.74,3379.92,3345.29,3369.11,21383.61,25836652.13
20180104,3371,3392.83,3365.3,3385.71,20695.53,24309076.79
20180105,3386.46,3402.07,3380.25,3391.75,21306.07,24818784.67
20180108,3391.55,3412.73,3384.56,3409.48,23616.51,28621321.01
20180109,3406.11,3417.23,3403.59,3413.9,19148.86,23824996.76
20180110,3414.11,3430.21,3398.84,3421.83,20909.5,25451544.58
20180111,3415.58,3426.48,3405.64,3425.35,17381.21,21841413.73
20180112,3423.88,3435.42,3417.98,3428.94,17406.34,21596145.25
20180115,3428.95,3442.5,3402.31,3410.49,23200.93,28636273.05
20180116,3403.47,3437.58,3401.96,3436.59,21147.55,26657882.11
20180117,3438.58,3465.2,3430.51,3444.67,26104.5,31653268.68
20180118,3449.88,3476.55,3448.79,3474.75,22003.96,26769263.82
20180119,3481.62,3498.43,3474.29,3487.86,24753.67,29418907.24
20180122,3476.99,3503.39,3475.67,3501.36,21748.75,26129571.84
20180123,3504.34,3547.22,3504.34,3546.5,23870.59,28209188.04
20180124,3553.48,3569.49,3527.11,3559.47,25295.45,30762922.8
20180125,3555.17,3571.48,3528.03,3548.31,24341.34,28798953.06
20180126,3535.49,3574.9,3534.2,3558.13,22269.83,25814951.53
20180129,3563.64,3587.03,3510.27,3523,23602.7,28541701.32
20180130,3511.5,3523.05,3484.66,3488.01,18637,22468168.91
20180131,3470.51,3495.45,3454.73,3480.83,20725.34,24265795.17
20180201,3478.67,3495.09,3424.42,3446.98,26050.47,29288225.18
20180202,3419.22,3463.16,3388.86,3462.08,20812.06,23627875.94
20180205,3411.67,3487.72,3406.24,3487.5,21767.38,25219876.45
20180206,3418.01,3440.12,3364.22,3370.65,28055.55,31881854.98
20180207,3412.74,3425.54,3304.01,3309.26,26093.97,29526441.98
20180208,3281.05,3307.16,3225.71,3262.05,20126.25,22234868.94
20180209,3172.85,3180.11,3062.74,3129.85,25638.92,27209508.45
20180212,3128.37,3168.13,3113.61,3154.13,15331.08,17100318.31
20180213,3176.11,3219.22,3176.11,3184.96,15152.76,17204520.55
20180214,3188.25,3203.5,3171.38,3199.16,10032.28,11455220.12
20180222,3237.57,3269.92,3234.12,3268.56,13873.04,15730388.17
20180223,3275.43,3294.13,3258.49,3289.02,14579.04,15950251.62
20180226,3307.29,3335.99,3281.62,3329.57,18856.86,21333303.3
20180227,3328.67,3328.67,3284.63,3292.07,17421.94,20439438.13
20180228,3264.06,3277.83,3239.84,3259.41,15104.35,18023381.4
20180301,3235.09,3280.15,3228.58,3273.75,15909.83,18527777.59
20180302,3248.45,3269.94,3242.27,3254.53,15086.11,17860299.98
20180305,3255.87,3269.4,3236.72,3256.93,14483.6,17414863.26
20180306,3266.49,3290.25,3243.65,3289.64,19535.8,22438179.64
20180307,3288.86,3308.41,3264.76,3271.67,16866.5,19348933.84
20180308,3268.35,3289.5,3261.55,3288.41,14982.75,17589539.64
20180309,3291.43,3309.72,3283.56,3307.17,16842.45,20234918.3
20180312,3319.21,3333.56,3313.56,3326.7,20653.24,24789417.98
20180313,3324.12,3333.88,3307.38,3310.24,17711.44,20237511.88
20180314,3298.67,3304.98,3287.36,3291.38,15749.11,18345762.82
20180315,3277.51,3297.1,3273.2,3291.11,14857.36,17951662.08
20180316,3290.21,3300.57,3269.28,3269.88,14120.36,16776152.68
20180319,3264.93,3280.57,3251.05,3279.25,13795.5,16977220.4
20180320,3257.22,3292.57,3252.43,3290.64,13988.11,16697987.89
20180321,3299.73,3314.21,3268.88,3280.95,16839.83,20861768.5
20180322,3281.26,3288.8,3242.76,3263.48,15043.3,18447173.22
20180323,3172.77,3188.24,3110.66,3152.76,27553.2,29340506.52
20180326,3117.32,3134.28,3091.46,3133.72,18636.64,21591025.25
20180327,3164.8,3172.78,3143.57,3166.65,18907.34,22708509.08
20180328,3130.57,3165.21,3117.53,3122.29,16350.05,20861784.88
20180329,3127.26,3174.51,3098.25,3160.53,17031.24,21092022.68
20180330,3161.79,3177.72,3152.89,3168.9,15464.66,19600669.08
20180402,3169.78,3192.34,3159.99,3163.18,17772.78,22625357
20180403,3130.01,3144.33,3119.13,3136.63,15221.67,18969272.32
20180404,3147.05,3163.34,3128.87,3131.11,14697.67,19349282.82
20180409,3125.44,3146.09,3110.3,3138.29,13960.86,17723691.83
20180410,3144.26,3190.65,3139.08,3190.32,16820.14,20608740.56
20180411,3197.37,3220.85,3191.59,3208.08,17586.72,21142043.03
20180412,3203.28,3205.25,3177.05,3180.16,14823.13,18504006.04
20180413,3192.04,3197.9,3155.51,3159.05,12755.23,16365174.78
20180416,3152.89,3153.11,3096.1,3110.65,15441.57,19223335.73
20180417,3112.97,3118.76,3064.03,3066.8,14722.28,18542803.35
20180418,3091.91,3096.89,3041.63,3091.4,15929.05,20223896.78
20180419,3094.27,3127.44,3090.29,3117.38,16005.68,19619898.98
20180420,3105.46,3111.17,3065.92,3071.54,15514.71,18513906.89
20180423,3063.44,3085.06,3045.94,3068.01,13168.63,15785479.37
20180424,3069.75,3136.04,3069.75,3128.93,16227.48,19554500.61
20180425,3112.4,3122.91,3107,3117.97,12731.11,16129813.71
20180426,3119.5,3121.93,3067.93,3075.03,13397.27,16378377.01
20180427,3082.41,3088.03,3049.91,3082.23,13122.56,17952025.8
20180502,3087.41,3097.6,3064.76,3081.18,13418.46,16824614.91
20180503,3074.52,3105.66,3056.16,3100.86,13998.56,17344495.62
20180504,3093.12,3104.09,3086.78,3091.03,11871.13,14843636.94
20180507,3094.9,3136.84,3091.66,3136.64,13894.82,17824386.25
20180508,3135.3,3169.7,3134.06,3161.5,14692.71,18901164.03
20180509,3160.14,3165.37,3145.66,3159.15,12263.73,15345642.7
20180510,3169.05,3176.14,3155.53,3174.41,13300.08,16544035.64
20180511,3179.8,3180.76,3162.21,3163.26,13065.97,16736429.67
20180514,3167.04,3183.82,3163.48,3174.03,12932.74,17241068.34
20180515,3180.42,3192.81,3164.52,3192.12,12454.91,16299078.45
20180516,3180.23,3191.95,3166.81,3169.57,13052.5,17459098.42
20180517,3170.01,3172.77,3148.62,3154.28,11399.56,15059884.44
20180518,3151.08,3193.45,3144.78,3193.3,13651.69,16803805.59
20180521,3206.18,3219.74,3203.34,3213.84,16445.94,20266346.09
20180522,3211.25,3214.59,3192.23,3214.35,14429.27,18572166.76
20180523,3205.44,3205.44,3168.96,3168.96,15780.76,19935810.36
20180524,3167.94,3173.53,3152.07,3154.65,12408.58,16065817.8
20180525,3148.41,3156.73,3131.07,3141.3,12861.08,16655404.24
20180528,3136.81,3149.66,3115.96,3135.08,12875.59,16819126.27
20180529,3129.62,3143.21,3112.15,3120.46,13571.78,17782610.33
20180530,3081.14,3085.4,3041,3041.44,15511.51,19199519.95
20180531,3061.83,3098.08,3054.27,3095.47,14047.55,18519903.44
20180601,3084.75,3102.09,3059.79,3075.14,12987.22,16654888.14
20180604,3083.43,3098.4,3076.99,3091.19,11459.39,15467161.19
20180605,3088.01,3114.77,3080.05,3114.21,11873.56,16480631.19
20180606,3109.17,3117.53,3103.53,3115.18,12019.61,16287996.31
20180607,3121.18,3128.72,3105.58,3109.5,12778.5,16717430.78
20180608,3100.6,3100.68,3053.29,3067.15,13468.82,16117877.96
20180611,3057.34,3063.61,3037.91,3052.78,10856.38,14303731.71
20180612,3053.03,3081.45,3034.1,3079.8,11327.51,15446908.93
20180613,3071.46,3071.46,3044.12,3049.8,11960.79,15593526.07
20180614,3038.07,3066.05,3032.41,3044.16,11546.95,14758882.51
20180615,3037.45,3048.8,3008.73,3021.9,14453.26,16219601.31
20180619,2982.65,2984.97,2871.35,2907.82,23055.01,24120364.24
20180620,2889.98,2925.56,2872.16,2915.73,14430.14,15333428.43
20180621,2912,2940.59,2872.62,2875.81,15437.83,15971316.53
20180622,2855.58,2891.97,2837.14,2889.76,12614.31,12716147.51
20180625,2903.45,2908.62,2857.87,2859.34,12191.77,13235046.81
20180626,2829.99,2850.24,2803.79,2844.51,12591.85,13844724.12
20180627,2842.4,2854.26,2798.8,2813.18,12942.08,14241349.63
20180628,2799.9,2825.99,2782.45,2786.9,11835.79,12968742.91
20180629,2789.81,2848.37,2782.38,2847.42,12567.17,13565237.66
20180702,2841.58,2845.68,2756.81,2775.56,13703.5,14756275.81
20180703,2774.57,2786.89,2722.45,2786.89,14249.85,16166802.23
20180704,2776.63,2793.18,2754.16,2759.13,12326.22,13101616.33
20180705,2755.34,2777.52,2727.94,2733.88,12922.61,13299367.12
20180706,2731.35,2768.87,2691.02,2747.23,13629.44,14819303.42
20180709,2752.45,2815.79,2752.45,2815.11,12154.93,13565452.29
20180710,2819.71,2828.49,2800.63,2827.63,11706.27,13263311.67
20180711,2780.7,2794.36,2752.44,2777.77,12682.11,13831816.81
20180712,2771.04,2844.19,2771.04,2837.66,14698.02,17031908.56
20180713,2831.43,2835.46,2818.85,2831.18,11768.93,14630087.88
20180716,2827.08,2837.51,2804.49,2814.04,10776.72,12941119.49
20180717,2806.89,2806.92,2774.76,2798.13,10540.92,12403519.49
20180718,2801.78,2818.4,2786.04,2787.26,12096.12,13855714.51
20180719,2791.02,2805.01,2764.49,2772.55,11448.65,12937456.84
20180720,2769.75,2837.86,2753.84,2829.27,14590.77,15566112.36
20180723,2815.2,2863.57,2809.62,2859.54,17338.28,18699685.07
20180724,2862.27,2911.46,2862.27,2905.56,22957.83,22870188.03
20180725,2911.45,2912.31,2894.04,2903.65,16780.02,16641207.5
20180726,2905.79,2915.3,2875.7,2882.23,16842.82,15749668.86
20180727,2879.69,2889.69,2864.11,2873.59,14637.16,13241937.1
20180730,2871.94,2896.01,2850.3,2869.05,15165.22,14598858.34
20180731,2866.9,2884.68,2854.32,2876.4,11893.11,11952876.75
20180801,2882.51,2897.4,2823.93,2824.53,14951.43,15169286.96
20180802,2815.34,2815.34,2726.48,2768.02,17417.9,16976932.04
20180803,2763.4,2777.66,2740.43,2740.44,12700.64,12913469.03
20180806,2736.53,2760.47,2692.32,2705.16,12975.31,13299380.22
20180807,2711.74,2779.37,2696.04,2779.37,14957.97,14725949.03
20180808,2771.13,2779.91,2741.07,2744.07,14768.87,13996975.72
20180809,2729.58,2801.66,2726.22,2794.38,15166.03,15107987.87
20180810,2791.4,2806.12,2777.51,2795.31,12153.22,12311259.55
20180813,2769.02,2789.8,2742.56,2785.87,12753.22,12946054.35
20180814,2780.74,2789.44,2766.57,2780.96,10957.11,11246539.57
20180815,2777.25,2777.7,2721.24,2723.26,11616.18,11870767.51
20180816,2691.43,2732.95,2672.74,2705.19,12027.79,11758099.66
20180817,2723.89,2730.33,2665.59,2668.97,11244.53,11549939.3
20180820,2673.07,2698.47,2653.11,2698.47,11078.42,11404761.5
20180821,2700.34,2739.17,2696.29,2733.83,11358.68,12226021.79
20180822,2731.96,2731.96,2709.06,2714.61,9366.46,9846397.338
20180823,2714.87,2736.01,2700.8,2724.62,9844.65,10782602.04
20180824,2717.08,2748.82,2705.32,2729.43,10051.63,10266579.76
20180827,2736.32,2780.9,2736.32,2780.9,13276.26,14142968.63
20180828,2782.29,2791.39,2769.4,2777.98,11874.94,12511857.87
20180829,2774.86,2778.54,2762.35,2769.29,10015.69,10122066.33
20180830,2769.33,2780.53,2736.35,2737.74,10606.09,10640039.94
20180831,2730.11,2744.63,2710.54,2725.25,10975.87,11481335.4
20180903,2716.4,2722.85,2692.36,2720.73,10221.3,10481768.86
20180904,2720.65,2756.61,2712.38,2750.58,10901.03,11370888.4
20180905,2741.38,2745.47,2704.34,2704.34,10500.23,10726944.77
20180906,2697.58,2719.41,2683.74,2691.59,9901.78,10626608.33
20180907,2696.68,2728.55,2683.72,2702.3,10752.33,11384007.07
20180910,2698.01,2703.43,2667.32,2669.48,10355.92,10286071.81
20180911,2668.49,2680.57,2652.7,2664.8,9986.59,9688458.035
20180912,2659.74,2672.07,2647.17,2656.11,9002.68,9344820.838
20180913,2679.21,2689.06,2653.19,2686.58,10733.5,11246414.23
20180914,2688.78,2694.92,2675.29,2681.64,10000.5,10499235.84
20180917,2671.29,2671.29,2647.92,2651.79,8823.89,8696260.198
20180918,2644.3,2700.19,2644.3,2699.95,11576.8,11303188.89
20180919,2694.8,2746.08,2690.99,2730.85,14155.03,14010700.6
20180920,2732.17,2743.96,2724.08,2729.24,11138.75,10487586.82
20180921,2733.87,2797.49,2722.03,2797.48,15801.66,14897635.33
20180925,2775.07,2790.03,2771.16,2781.14,11198.32,10852805.02
20180926,2785.32,2827.34,2783.34,2806.81,13956.77,14505877.5
20180927,2805.79,2810.51,2786.32,2791.77,12399.77,12344771.38
20180928,2794.26,2821.76,2791.84,2821.35,13429.05,12536999.12
20181008,2768.21,2771.94,2710.18,2716.51,14950.14,14153154.56
20181009,2713.73,2734.31,2711.2,2721.01,11677.19,11029245.95
20181010,2723.72,2743.55,2703.06,2725.84,11348.57,11131245.36
20181011,2643.07,2661.29,2560.32,2583.46,19715.07,17005776.08
20181012,2574.04,2615.92,2536.67,2606.91,17008.16,14280320.61
20181015,2605.91,2611.97,2564.74,2568.1,11857.62,10521473.84
20181016,2567.76,2597.72,2536.44,2546.33,11941.91,10679224.73
20181017,2574.31,2582.55,2517.57,2561.61,12995.4,11738835.35
20181018,2544.91,2544.91,2485.62,2486.42,12542.85,10657676.49
20181019,2460.08,2553.39,2449.2,2550.47,14732.36,13009592.32
20181022,2565.64,2675.41,2565.64,2654.88,21188.84,19730980.86
20181023,2652.65,2659.81,2583.26,2594.83,17834.35,16691940.56
20181024,2579.97,2640.4,2577.77,2603.3,16006.04,14208216.27
20181025,2540.93,2606.1,2531.53,2603.8,16203.3,13763018.75
20181026,2610.9,2626.12,2580.85,2598.85,15893.61,13341549.36
20181029,2593.59,2595.54,2529.19,2542.1,13424.19,12250003.87
20181030,2538.57,2586.92,2521.78,2568.05,16668.23,15238592.92
20181031,2573.01,2612.92,2567.03,2602.78,18055.03,15489472.92
20181101,2617.03,2636.8,2603.65,2606.24,20090.39,18025380.25
20181102,2649.25,2676.48,2628.87,2676.48,22502.69,20786156.34
20181105,2665.43,2673.19,2639.27,2665.43,19376.01,16858891.88
20181106,2660.72,2660.86,2635.32,2659.36,16366.95,13880093.9
20181107,2659.84,2675.68,2639.25,2641.34,17320.2,14726181.68
20181108,2660.09,2662.37,2632.3,2635.63,15963.55,12866881.95
20181109,2621.24,2621.24,2598.16,2598.87,15244.63,12126049.08
20181112,2593.2,2631.17,2590.21,2630.52,17503.13,14235143.37
20181113,2600.5,2666.49,2597.35,2654.88,24928.24,18960723.15
20181114,2648.31,2658.31,2627.96,2632.24,23844.94,17697043.25
20181115,2632.14,2668.17,2631.89,2668.17,20784.87,17188249.6
20181116,2669.78,2695.57,2657.03,2679.11,24219.88,20498359.91
20181119,2681.9,2703.51,2674.18,2703.51,23166.28,19656271.46
20181120,2684.29,2690.83,2643.36,2645.85,21589.13,18087041.43
20181121,2619.82,2653.8,2617.78,2651.51,18259.64,14937577.88
20181122,2655.9,2658,2634.48,2645.43,14930.91,12557017.09
20181123,2640.67,2642.04,2577.35,2579.48,19147.45,14997564.62
20181126,2580.84,2595,2568.04,2575.81,13431.45,10815809.13
20181127,2585.83,2592.54,2566.17,2574.68,12365.84,10222655.9
20181128,2575.45,2601.96,2561.56,2601.74,14596.35,11957849.29
20181129,2613.78,2617.55,2567.44,2567.44,15716.87,12947244.65
20181130,2564.56,2590.21,2555.32,2588.19,13932.9,11221982.41
20181203,2647.13,2665.3,2629.18,2654.8,20747.9,18783179.57
20181204,2651.56,2666.08,2644.9,2665.96,16794.06,14414340.1
20181205,2629.83,2660.39,2625.91,2649.81,15450.21,13373020.57
20181206,2629.82,2633.68,2603.13,2605.18,14166.17,12909297.66
20181207,2609.34,2614.58,2599.28,2605.89,10907.5,9772766.003
20181210,2589.19,2599.76,2576.24,2584.58,11319.97,9914814.464
20181211,2587.01,2596.15,2583.2,2594.09,10130.44,8540412.314
20181212,2608.11,2610.01,2595.07,2602.15,10351.83,8899819.93
20181213,2607.14,2645.84,2599.46,2634.05,15073.81,13239610.57
20181214,2627.28,2629.16,2593.74,2593.74,14594.25,12372498.84
20181217,2587.26,2598.97,2573.87,2597.97,11736.33,10296084.89
20181218,2583.63,2599.15,2563.57,2576.65,11703.34,9930653.696
20181219,2578.68,2579.87,2547.08,2549.56,10766.18,9371317.862
20181220,2544.51,2554.86,2516.02,2536.27,12056.65,10350498.61
20181221,2526.55,2527.42,2498.69,2516.25,11567.12,10136062.36
20181224,2506.74,2529.44,2500.44,2527.01,9733.99,8576093.389
20181225,2503.95,2513.96,2462.84,2504.82,14067.06,11476601.24
20181226,2501.12,2513.83,2492.08,2498.29,10879.96,9398953.574
20181227,2527.72,2532,2483.09,2483.09,13540.68,11247976.45
20181228,2483.62,2505.11,2478.32,2493.9,11924.53,10598085.43
20190102,2497.88,2500.28,2456.42,2465.29,10993.2,9759257.395
20190103,2461.78,2488.48,2455.93,2464.36,12439.75,10692278.68
20190104,2446.02,2515.32,2440.91,2514.87,16887.77,13929866.85
20190107,2528.7,2536.98,2515.51,2533.09,17730.5,14551323.44
20190108,2530.3,2531.35,2520.16,2526.46,15809.92,12337904.03
20190109,2536.42,2574.41,2536.16,2544.35,19188.79,16081253.17
20190110,2543.85,2551.83,2531.66,2535.1,15987.43,13269232.84
20190111,2539.55,2554.79,2533.36,2553.83,14944.41,12237565.95
20190114,2553.33,2556.29,2533.01,2535.77,14482.55,11624341.5
20190115,2537.37,2571.5,2532.43,2570.35,16026.55,13737498.21
20190116,2569.07,2574.24,2563.01,2570.42,14930.15,12687631.16
20190117,2573.58,2582.56,2557.71,2559.64,16246.81,12754613.04
20190118,2567.74,2598.88,2565.9,2596.01,19076.72,15127042.46
20190121,2599.06,2618.98,2599.06,2610.51,16342.51,13991549.34
20190122,2609.64,2609.64,2573.06,2579.7,15253.78,12299543.35
20190123,2575.26,2589.51,2572.41,2581,13142.68,10510132.02
20190124,2584.65,2597.29,2569.7,2591.69,15404.2,13157503.8
20190125,2596.26,2617,2595.63,2601.72,15939.4,13541516.9
20190128,2615.71,2630.32,2591.1,2596.98,14698.18,12746563.58
20190129,2592.36,2601.74,2559.98,2594.25,15558.11,12674904.88
20190130,2584.75,2598.81,2575.41,2575.58,12050.26,10110392.73
20190131,2581.33,2606.63,2571.58,2584.57,15430.39,12601324.34
20190201,2597.78,2618.48,2590.55,2618.23,13198.69,11152262.76
20190211,2613.17,2654.1,2613.17,2653.9,15489.89,13730719.33
20190212,2654.03,2674.48,2648.83,2671.89,18410.12,15674153.37
20190213,2674.52,2727.07,2666.52,2721.07,24379.4,20712531.56
20190214,2715.54,2729.46,2707.49,2719.7,19703.73,17033083.29
20190215,2712.79,2715.63,2679.78,2682.39,19600.43,16982325.66
20190218,2699.82,2754.36,2699.82,2754.36,26043.6,22418407.42
20190219,2759.5,2780.78,2737.59,2755.65,28804.63,24712105.16
20190220,2761.06,2767.41,2739.98,2761.22,24597.25,20544692.22
20190221,2759.94,2794.01,2744.98,2751.8,29865,25303338.19
20190222,2749.46,2804.23,2736.33,2804.23,30148.14,26451887.72
20190225,2838.39,2961.8,2838.39,2961.28,52865.86,46599143.42
20190226,2969.1,2995.68,2938.62,2941.52,56555.8,49239654.4
20190227,2939.93,2997.49,2924.64,2953.82,47497.65,41183762.84
20190228,2950.05,2965.3,2930.2,2940.95,35020.66,29876394.39
20190301,2954.4,2994,2930.83,2994,34578.62,30733765.84
20190304,3015.94,3090.8,3006.94,3027.58,52564.94,48060366.85
20190305,3019.88,3054.96,3009.45,3054.25,42414.25,38276854.58
20190306,3060.43,3103.83,3050.11,3102.1,55500.64,48547833.45
20190307,3103.67,3129.94,3074.98,3106.42,58381.71,52572523.72
20190308,3038.34,3075.05,2969.58,2969.86,57785.55,52559826.12
20190311,2969.08,3028.25,2963.58,3026.99,42621.3,40436842.5
20190312,3049.08,3093.39,3029.9,3060.31,51117.32,48706663.22
20190313,3062.33,3065.29,3013.93,3026.95,45321.46,45124730.88
20190314,3013.6,3041.16,2968.82,2990.69,37314.18,35624035.94
20190315,3000.88,3048.12,2999.43,3021.75,34120.61,34472148.99
20190318,3027.8,3096.42,3009.51,3096.42,39779.72,39846959.51
20190319,3099.9,3113.43,3076.36,3090.98,35090.89,35321679.05
20190320,3084.17,3102.52,3053.45,3090.64,35855.75,34929541.12
20190321,3094.12,3125.02,3086.85,3101.46,41425.12,40393981.95
20190322,3100.73,3107.28,3064.88,3104.15,36484.83,35667833.65
20190325,3058.8,3087,3041.95,3043.03,38027.88,37537565.9
20190326,3057.56,3062.69,2988.49,2997.1,35349.8,34144482.1
20190327,3012.26,3022.76,2987.77,3022.72,29139.04,29507597.11
20190328,3009.8,3025.78,2991.78,2994.94,28810.64,28955456.31
20190329,3000.68,3093.03,2999.99,3090.76,37508.3,38669962.44
20190401,3111.66,3176.62,3111.66,3170.36,46612.47,48008593.41
20190402,3183.27,3193.27,3164.91,3176.82,44706.9,46266207.44
20190403,3159.15,3219.26,3152.33,3216.3,43054.86,44262205.03
20190404,3233.69,3254.14,3216.85,3246.57,46911.77,47515638.17
20190408,3271.27,3288.45,3210.52,3244.81,50451.84,50643124.22
20190409,3240.39,3251.65,3215.7,3239.66,36417,38027296.77
20190410,3224.65,3264.78,3204.88,3241.93,38013.44,39566996.28
20190411,3241.55,3254.13,3185.55,3189.96,35303.19,36068455.22
20190412,3184.86,3199.28,3168.04,3188.63,28978.9,28890896.79
20190415,3233.46,3253.98,3177.27,3177.79,34880.98,35566613.3
20190416,3164.4,3253.6,3153.21,3253.6,35791.88,36016662.12
20190417,3250.15,3275.33,3239.8,3263.12,35754.18,35450988.13
20190418,3261.07,3271.39,3241.83,3250.2,32553.99,32350817.48
20190419,3250.15,3274.33,3226.81,3270.8,31519.8,31513192.04
20190422,3278.49,3279.49,3206.88,3215.04,35321.74,35915428.66
20190423,3211.87,3231.58,3186.76,3198.59,32836.12,32487017.68
20190424,3203.56,3210.65,3156.61,3201.61,27487.22,27841085.44
20190425,3190.59,3193.75,3123.03,3123.83,32587.91,30907609.91
20190426,3108.16,3129.21,3085.8,3086.4,28087.39,27477640.81
20190429,3090.63,3107.76,3050.03,3062.5,29211.49,28906327.24
20190430,3052.62,3088.41,3052.62,3078.34,22230.25,22549813.66
20190506,2984.73,2986.54,2876.47,2906.46,32697.23,31433651
20190507,2914.29,2937.28,2889.07,2926.39,25328.18,24544421.48
20190508,2873.14,2929.43,2866.7,2893.76,23153.05,21889261.57
20190509,2871.2,2888.86,2845.04,2850.95,20004.11,19744687.72
20190510,2878.23,2941.45,2838.38,2939.21,28230.68,27417626.21
20190513,2905.07,2921.41,2892.17,2903.71,21202.99,20262412.29
20190514,2872.83,2909.2,2872.83,2883.61,20834.54,20122330.73
20190515,2902.64,2945.39,2902.64,2938.68,23051.97,22626277.79
20190516,2933.5,2956.17,2929.06,2955.71,24838.57,22620307.46
20190517,2955.77,2956.78,2873.8,2882.3,26630.16,24787517.44
20190520,2874.8,2882.63,2838.45,2870.6,20947.24,19921077.86
20190521,2867.71,2919.24,2862.5,2905.97,21138.7,20277777.2
20190522,2905.52,2912.4,2879.64,2891.7,20002.69,19362937.24
20190523,2880.84,2885.14,2846.96,2852.52,19734.03,19286948.25
20190524,2847.84,2871.86,2846.02,2852.99,16720.55,16268931.89
20190527,2851.28,2898.13,2833.04,2892.38,19672.09,19376871.83
20190528,2890.27,2924.04,2887.08,2909.91,22331.06,22725381.32
20190529,2894.83,2934.98,2890.66,2914.7,19895.88,20285503.9
20190530,2903.42,2907.85,2881.38,2905.81,20575.88,19710554.93
20190531,2904.5,2922.91,2895.58,2898.7,19523.06,19128039.83
20190603,2901.74,2920.83,2875.9,2890.08,21594.36,20807332.66
20190604,2887.64,2888.39,2851.97,2862.28,18846.35,18111891.05
20190605,2882.94,2888.77,2858.57,2861.42,18156.1,17520084.58
20190606,2862.33,2862.33,2822.19,2827.8,17706.44,16485054.87
20190610,2833.01,2861.13,2824.36,2852.13,16658.59,16248982.73
20190611,2854.07,2927.43,2854.07,2925.72,26052.58,25447999.08
20190612,2917.22,2924.7,2903.88,2909.38,24025.58,22306394.93
20190613,2905.29,2918.42,2885.92,2910.74,21295.78,19174821.07
20190614,2913,2924.32,2879.66,2881.97,21543.58,19430311.53
20190617,2880.42,2902.48,2877.39,2887.62,15396.5,14314163.4
20190618,2891.09,2898.33,2874.31,2890.16,14770.53,13693523.56
20190619,2944.12,2953.34,2916.21,2917.8,23075.7,22556726.07
20190620,2917.33,2997.39,2915.09,2987.12,29101.15,28829653.4
20190621,2990.37,3010.35,2989.25,3001.98,28697.38,27666245.22
20190624,3004.29,3012.83,2994.42,3008.15,21049.39,21123717.53
20190625,3004.91,3004.91,2948.99,2982.07,24369.92,24431507.87
20190626,2964.62,2986.91,2958.46,2976.28,17444.95,17251604.89
20190627,2982.61,3011.54,2981.04,2996.79,19539.7,20861865.16
20190628,2992.24,2992.24,2961.22,2978.88,18143.15,18364176.79
20190701,3024.62,3045.37,3014.69,3044.9,25084.04,26654105.6
20190702,3042.58,3048.48,3033.78,3043.94,21452.06,22956661.15
20190703,3031.83,3031.83,3006.32,3015.26,21229.62,21865799.68
20190704,3015.68,3024.5,2991.91,3005.25,19441.51,20226639.46
20190705,3004.74,3014.85,2990.92,3011.06,15675.54,16318083.89
20190708,2997.81,2997.81,2918.72,2933.36,21154.13,20556881.92
20190709,2928.82,2937.76,2912.81,2928.23,14511.06,15425142.78
20190710,2935.19,2936.75,2908.16,2915.3,13548.35,14123625.68
20190711,2928.06,2945.8,2907.89,2917.76,14369.25,15218140.77
20190712,2915.34,2938.53,2905.81,2930.55,13779.48,14291887.72
20190715,2921.55,2955,2886.7,2942.19,16764.34,17653320.91
20190716,2938.64,2944.82,2931.29,2937.62,13181.18,14076639.64
20190717,2933.02,2942.07,2924.46,2931.69,14963.16,15216295.94
20190718,2921.74,2921.74,2901.18,2901.18,14988.88,14908884.58
20190719,2909.68,2939.6,2909.68,2924.2,14946.96,14907121.66
20190722,2925.79,2927.16,2879.69,2886.97,18067.5,20428944.18
20190723,2886.9,2901.36,2883.05,2899.94,12931.05,14807734.68
20190724,2907.93,2936.45,2907.79,2923.28,15524.58,17885809.87
20190725,2923.19,2937.36,2916.15,2937.36,14568.44,17535637.91
20190726,2928.06,2948.33,2924.45,2944.54,13934.34,15877467.34
20190729,2943.92,2948.47,2932.98,2941.01,12799.18,14743914.09
20190730,2946.26,2965.63,2946.26,2952.34,14831.65,17086634.39
20190731,2944.4,2944.4,2926.49,2932.51,14105.23,16460786.89
20190801,2920.85,2927.34,2901.75,2908.77,14238.98,17111564.29
20190802,2861.33,2872.47,2851.44,2867.84,18488.84,21632740.56
20190805,2854.58,2863.69,2821.5,2821.5,16741.94,19689147.6
20190806,2776.99,2787.42,2733.92,2777.56,23112.37,25520922.62
20190807,2789.02,2792.69,2768.68,2768.68,15771.68,17647573.4
20190808,2784.18,2799.69,2782.24,2794.55,14953.96,17815614.26
20190809,2805.59,2808.33,2770.48,2774.75,14824.03,17114033.36
20190812,2781.98,2814.99,2776.62,2814.99,13156.34,16252326.71
20190813,2798.05,2802.04,2790.61,2797.26,13091.65,15395751.53
20190814,2824.49,2829.89,2807.72,2808.91,14401.46,17394488.12
20190815,2762.34,2815.9,2756.83,2815.8,15277.22,17367053.11
20190816,2817.57,2840.32,2811.8,2823.82,14858.23,18613937.77
20190819,2835.52,2883.1,2829.85,2883.1,21454.67,24709221.58
20190820,2879.08,2892.08,2875,2880,18967.72,20977434.62
20190821,2875.47,2885.59,2872.56,2880.33,15901.97,18318727.58
20190822,2887.66,2888.5,2867.55,2883.44,14920.62,16966216.91
20190823,2885.15,2902.46,2878.74,2897.43,15915.68,19256713.22
20190826,2851.02,2870.49,2849.24,2863.57,16989.54,19103667
20190827,2879.52,2919.64,2879.41,2902.19,20814.18,23099968.72
20190828,2901.63,2905.44,2887.01,2893.76,18309.79,20180505.4
20190829,2896,2898.6,2878.59,2890.92,17861.31,19633276.52
20190830,2907.38,2914.58,2874.1,2886.24,19396,22475117.36
20190902,2886.94,2928.48,2883.68,2924.11,20278.68,22604369.1
20190903,2925.94,2930.15,2915.2,2930.15,18900.12,22507015.37
20190904,2927.75,2957.41,2925.88,2957.41,22549.59,25121269.35
20190905,2972.66,3015.84,2972.66,2985.86,30543.87,34020065.28
20190906,2996.62,2999.94,2981.6,2999.6,21682.6,25831874.56
20190909,3023.78,3026.24,3005.69,3024.74,24337.78,28623654.09
20190910,3027.41,3027.41,3005.38,3021.2,24001.29,27532174.95
20190911,3029.93,3030.56,3004.22,3008.81,22983.74,26338956.08
20190912,3016.63,3033.47,3005.19,3031.24,19696.87,22457602.87
20190916,3041.92,3042.93,3020.05,3030.75,22187.9,23744226.92
20190917,3023.71,3023.71,2970.57,2978.12,22333.81,23773893.43
20190918,2984.08,2996.4,2982.4,2985.66,16804.67,19995362.92
20190919,2992.92,2999.28,2975.4,2999.28,16269.06,19320655.05
20190920,3004.81,3011.34,2996.19,3006.45,18214.53,21839059.35
20190923,2998.4,2998.4,2960.83,2977.08,16813.94,19913054.62
20190924,2979.48,3002.9,2973.76,2985.34,16390.28,20624580.61
20190925,2977.67,2977.67,2955.43,2955.43,16854.31,20378275.02
20190926,2964.48,2970.04,2928.26,2929.09,18893.25,21627756.54
20190927,2929.49,2939.08,2920.93,2932.17,13290.58,15331100.26
20190930,2927.92,2936.48,2905.19,2905.19,11664.68,14259170.51
20191008,2905.76,2933.02,2905.76,2913.57,12553.58,15198078.57
20191009,2902.08,2924.86,2891.54,2924.86,13042.41,15094023.78
20191010,2923.71,2949.24,2918.23,2947.71,13423.98,15715998.11
20191011,2954.82,2980.79,2943.01,2973.66,16120.37,18274739.81
20191014,2993.96,3026.38,2989.81,3007.88,20861.48,22120176.03
20191015,3005.66,3005.66,2986.3,2991.05,15537.69,16953193.27
20191016,2992.61,3010.42,2975.92,2978.71,14988.55,16679154.48
20191017,2979.99,2986.72,2969.57,2977.33,12252.76,13605125.32
20191018,2982.34,2987.2,2933.24,2938.14,14999.07,16201827.94
20191021,2933.9,2940.32,2917.69,2939.62,13247.51,14568588.9
20191022,2945.6,2954.64,2934.39,2954.38,11748.2,13038174.21
20191023,2952.97,2957.3,2934.63,2941.62,12381.29,13965364.43
20191024,2944.01,2953.04,2927.06,2940.92,12654.03,14166723.79
20191025,2940.47,2958.24,2920.52,2954.93,13686.07,16022408.4
20191028,2958.69,2980.13,2956.96,2980.05,17373.15,19881700.56
20191029,2979.04,2979.04,2954.18,2954.18,16611.01,19528808.86
20191030,2949.46,2953.3,2934.83,2939.32,15879.81,18152949.35
20191031,2944.84,2946.75,2923.52,2929.06,16157.15,18180194.3
20191101,2924.34,2959.83,2917.15,2958.2,15990.74,17563084.39
20191104,2964.58,2983.06,2964.58,2975.49,16724.84,18871009.28
20191105,2977.7,3008.31,2968.03,2991.56,17989.16,20369162.24
20191106,2992.04,2995.56,2969.72,2978.6,16526.35,18398524.21
20191107,2978.15,2988.96,2969.12,2978.71,13695.27,15583487.59
20191108,2993.98,2998.76,2962.84,2964.18,14974.21,17386722.1
20191111,2949.96,2949.96,2906.77,2909.97,15791.61,16628514.82
20191112,2913,2918.3,2891.51,2914.82,12972.92,13906072.37
20191113,2913.02,2913.86,2893.97,2905.24,12976.58,14694363.96
20191114,2907.74,2917.37,2899.62,2909.87,12914.54,15157618.28
20191115,2911.35,2917.83,2891.2,2891.34,13551.95,15257639.32
20191118,2889.55,2911.38,2884.09,2909.2,12443.32,14467742.11
20191119,2904.28,2933.99,2902.86,2933.99,13541.76,15577074.89
20191120,2928.11,2930.49,2907.42,2911.05,13735.75,15854320.03
20191121,2902.55,2910.36,2891.53,2903.64,12345.86,13985120.26
20191122,2906.24,2925.02,2873.99,2885.29,15862.34,18059383.6
20191125,2885.61,2906.61,2880.65,2906.17,17858.74,17423458.3
20191126,2912.52,2915.04,2897.93,2907.06,17000.47,16549676.65
20191127,2905.4,2914.49,2893.42,2903.19,13386.22,13744970.14
20191128,2902.36,2909.84,2883.43,2889.69,11952.25,12261654.53
20191129,2885.97,2892.39,2858.58,2871.98,12261.3,14037131.26
20191202,2874.45,2888.89,2870.24,2875.81,12875.58,13935176.91
20191203,2869.88,2884.86,2857.32,2884.7,12377.87,13527860.84
20191204,2876.91,2882.5,2869.42,2878.12,12554.37,13587922.12
20191205,2886.52,2902,2885.08,2899.47,14316.31,15973659.44
20191206,2902.28,2912.01,2894.75,2912.01,13412.89,14950732.6
20191209,2914.46,2919.59,2905.25,2914.48,16079.65,17454648.52
20191210,2908.94,2919.2,2902.79,2917.32,17012.4,18061729.79
20191211,2922.6,2928.26,2915,2924.42,16554.11,17571608.99
20191212,2926.34,2926.34,2913.48,2915.7,15176.08,16604415.59
20191213,2937.78,2969.98,2935.85,2967.68,21197.86,23403654.35
20191216,2970.97,2984.64,2958.71,2984.39,21186.21,23766676.28
20191217,2985.26,3039.38,2982.5,3022.42,29303.23,30209091.17
20191218,3021.47,3033.23,3011.72,3017.04,24408.97,25917363
20191219,3017.15,3021.42,3007.99,3017.07,20862.43,22068828.57
20191220,3019.64,3027.48,3002.26,3004.94,21507.58,22330503.99
20191223,2999.04,3009.34,2960.44,2962.75,20571.66,21848427.72
20191224,2965.83,2983.82,2960.68,2982.68,16303.03,16736667.24
20191225,2980.43,2988.29,2970.66,2981.88,17565.4,18960855.86
20191226,2981.25,3007.35,2980.4,3007.35,18244.04,19558608.08
20191227,3006.85,3036.11,3003.63,3005.04,24710.28,25811874.61
20191230,2998.17,3041.4,2983.34,3040.02,24806.65,26738299.7
20191231,3036.39,3051.68,3030.51,3050.12,21742.9,22676399.72
20200102,3066.34,3098.1,3066.34,3085.2,29247.02,32719713.08
20200103,3089.02,3093.82,3074.52,3083.79,26149.67,28999172.1
20200106,3070.91,3107.2,3065.31,3083.41,31257.58,33118253.88
20200107,3085.49,3105.45,3084.33,3104.8,27658.31,28815923.61
20200108,3094.24,3094.24,3059.13,3066.89,29787.26,30651740.98
20200109,3082.64,3097.33,3080.13,3094.88,24343.56,27171602.43
20200110,3102.29,3105.22,3081.4,3092.29,21044.25,24155566.9
20200113,3091.49,3115.57,3075.38,3115.57,21062.1,25852405.35
20200114,3120.67,3127.17,3105.61,3106.82,22997.38,27154243.58
20200115,3103.17,3107.94,3082.04,3090.04,20231.3,23291345.31
20200116,3095.73,3096.37,3070.88,3074.08,20337.55,23684335.21
20200117,3081.46,3091.95,3067.25,3075.5,19030.43,24227304.24
20200120,3082.11,3096.31,3070.48,3095.79,21049.33,27112244.84
20200121,3085.79,3085.79,3051.23,3052.14,23483.07,28626809.65
20200122,3038.49,3069.25,3006.27,3060.75,22385.29,27845692.62
20200123,3037.95,3045.04,2955.35,2976.53,27276.32,32749037.16
20200203,2716.7,2766.58,2716.7,2746.61,21591.21,25701959.27
20200204,2685.27,2786.16,2685.27,2783.29,36404.62,37406847.8
20200205,2792.37,2842.74,2778.86,2818.09,30976.18,34918413.11
20200206,2826.89,2876.59,2807.61,2866.51,31639.21,35858258.33
20200207,2858.93,2875.96,2838.77,2875.96,30947.96,36238416.28
20200210,2860.5,2891.85,2851.05,2890.49,29492.98,34152038.4
20200211,2894.54,2913.82,2882.24,2901.67,26916.83,30295683.89
20200212,2895.56,2926.9,2892.42,2926.9,24873.34,29753442.3
20200213,2927.14,2935.41,2901.24,2906.07,27480.48,33452631.65
20200214,2899.87,2926.94,2899.57,2917.01,25065.06,30808037.79
20200217,2924.99,2983.64,2924.99,2983.62,31319.8,36701434.68
20200218,2981.41,2990.6,2960.78,2984.97,31166.59,37499856.49
20200219,2979.52,2998.27,2971.82,2975.4,31514.12,38133114.47
20200220,2981.88,3031.37,2968.45,3030.15,34573.29,41376137.22
20200221,3022.25,3058.9,3020.14,3039.67,36455.73,44506208.67
20200224,3027.89,3042.18,3007.36,3031.23,37043,45160136.7
20200225,2982.07,3016.95,2943.72,3013.05,44162.28,51312862.82
20200226,2978.42,3028.78,2974.94,2987.93,46904.96,49534143.69
20200227,2992.49,3009.46,2980.48,2991.33,35052.37,39595563.42
20200228,2924.64,2948.13,2878.54,2880.3,40121.69,43265776.03
20200302,2899.31,2982.51,2899.31,2970.93,36733.34,39724420.3
20200303,3006.89,3026.84,2976.62,2992.9,41010.8,44705369.29
20200304,2981.81,3012,2974.36,3011.67,35333.83,38989391.46
20200305,3036.15,3074.26,3022.93,3071.68,44542.58,48277048.52
20200306,3039.94,3052.44,3029.46,3034.51,36206.15,37738853.17
20200309,2987.18,2989.21,2940.71,2943.29,41456.07,43814384.44
20200310,2918.93,3000.3,2904.8,2996.76,39329.66,42501718.02
20200311,3001.76,3010.03,2968.52,2968.52,35247.1,37876662.27
20200312,2936.02,2944.47,2906.28,2923.49,30777.85,32820920.32
20200313,2804.23,2910.88,2799.98,2887.43,36645.04,39301965.41
20200316,2897.3,2898.04,2784.66,2789.25,35187.87,37562698.96
20200317,2796.28,2826.91,2715.22,2779.64,30614.97,32301282.1
20200318,2792.32,2815.87,2728.76,2728.76,29115.99,31861139.05
20200319,2719.41,2736.82,2646.8,2702.13,30230.27,33051800.37
20200320,2727.02,2751.9,2702.49,2745.62,25201.95,28158335.39
20200323,2677.59,2703.33,2656.5,2660.17,24982.03,26842324.99
20200324,2703.02,2723.41,2667.13,2722.44,25702.19,27899930.21
20200325,2775.3,2788.64,2757.8,2781.59,27314.45,29319118.85
20200326,2761.9,2788.5,2753.43,2764.91,23408.4,24827977.73
20200327,2792.98,2805.55,2771.76,2772.2,24076.41,25363072.61
20200330,2739.72,2759.1,2723.05,2747.21,23970.66,25068714.39
20200331,2767.31,2771.17,2743.12,2750.3,21859.87,22427105.69
20200401,2743.54,2773.36,2731.08,2734.52,21725.34,22562465.38
20200402,2720.23,2780.64,2719.9,2780.64,21786.46,23311156.84
20200403,2773.58,2780.59,2754.07,2763.99,20083.74,21406221.93
20200407,2806.97,2823.28,2801.84,2820.76,27019.82,28662779.08
20200408,2805.92,2823.21,2800.3,2815.37,24351.53,25315966.98
20200409,2825.84,2832.4,2820.43,2825.9,23818.48,24739299.33
20200410,2827.19,2833.02,2789.98,2796.63,23345.48,24637630.05
20200413,2784.6,2792.89,2774.08,2783.05,17712.46,18412027.9
20200414,2794.8,2827.3,2789.43,2827.28,20269.66,22360570.27
20200415,2826.66,2829.75,2808.7,2811.17,20562.11,23163163.44
20200416,2798.43,2823.34,2796.84,2819.94,20300.38,22243260.83
20200417,2835.56,2854.96,2830.02,2838.49,24573.68,28002523.55
20200420,2840.41,2852.99,2833.26,2852.55,21184.71,23375930.98
20200421,2842.24,2842.24,2808.02,2827.01,23323.59,24868859.08
20200422,2814.07,2843.98,2808.48,2843.98,21732,23279678.26
20200423,2850.51,2853.64,2835.9,2838.5,24877.9,26266204.57
20200424,2834.94,2834.94,2802.5,2808.53,23518.51,24412228.81
20200427,2812.24,2832.67,2802.96,2815.49,21013.1,22529371.34
20200428,2819.99,2821.75,2758.25,2810.02,25387.27,27053475.43
20200429,2801.38,2831.76,2800.74,2822.44,20206.18,22272022.94
20200430,2832.38,2865.59,2832.38,2860.08,24245.53,27744092.16
20200506,2831.63,2879.26,2830.65,2878.14,24982.66,30389003.88
20200507,2876.47,2882.02,2864.58,2871.52,22673.7,26860748.8
20200508,2882.71,2903.8,2879.2,2895.34,22682.21,27656270.64
20200511,2901.57,2914.28,2884.38,2894.8,22512.04,27193063.83
20200512,2894.62,2897.9,2871.23,2891.56,19708.3,23847621.43
20200513,2882.96,2900.26,2875.54,2898.05,18506.13,22386691.28
20200514,2887.06,2887.06,2869.18,2870.34,19777.62,23733696.92
20200515,2880.71,2884.22,2863.37,2868.46,18898.36,24687819.16
20200518,2872.52,2889.98,2862.27,2875.42,22602.29,28908958.52
20200519,2897.69,2900.22,2887.58,2898.58,19722.24,25627780.71
20200520,2896.47,2896.47,2876.18,2883.74,21052,26917655.35
20200521,2890.72,2891.52,2864.21,2867.92,20353.2,25056993.28
20200522,2863.05,2863.05,2808.02,2813.77,20906.37,24522960.08
20200525,2816.24,2821.5,2802.47,2817.97,17288.56,20211535.05
20200526,2827.9,2848.34,2825.9,2846.55,17456.24,20742782.98
20200527,2847.32,2849,2831.93,2836.8,19814.93,22793438.82
20200528,2838.21,2861.92,2820.15,2846.22,20754.6,23923425.28
20200529,2835.58,2855.38,2829.63,2852.35,20679.28,23379899.19
20200601,2871.96,2917.15,2871.96,2915.43,26019.6,30741620.33
20200602,2916.32,2926.36,2909.13,2921.4,25610.8,29440275.25
20200603,2930.39,2942.76,2922.66,2923.37,25566.4,30044782.59
20200604,2931.84,2932.97,2910.75,2919.25,22660.59,25434598.6
20200605,2923.19,2930.8,2909.12,2930.8,21736.07,25314113.95
20200608,2941.98,2950.07,2934.21,2937.77,23112.44,27461181.44
20200609,2939.54,2957.12,2932.94,2956.11,20904.86,25141469.18
20200610,2951.28,2951.33,2934.84,2943.75,20792.6,24396849.15
20200611,2939.79,2952.65,2912.19,2920.9,23372.29,28902326.27
20200612,2876.8,2930.26,2872.62,2919.74,23600.86,27432171.93
20200615,2908.28,2922.54,2890.03,2890.03,24320.5,29336154.93
20200616,2912.83,2931.78,2909.13,2931.75,22331.31,27094856.5
20200617,2932.67,2936.62,2919.04,2935.87,23465.44,27800711.99
20200618,2929.88,2942.9,2920.11,2939.32,25869.14,28936771.99
20200619,2938.79,2973.32,2935.82,2967.63,26431.4,31908911.51
20200622,2966.9,2983.44,2959.04,2965.27,26788.38,34602873.65
20200623,2960.89,2972.4,2949.85,2970.62,22521.22,30537875.46
20200624,2972.98,2982.94,2971.22,2979.55,21320.07,29700879.16
20200629,2973.08,2977.91,2951.77,2961.52,22062.27,29388600.12
20200630,2965.11,2990.83,2965.11,2984.67,21495.72,29731232.15
20200701,2991.18,3026.19,2984.98,3025.98,27331.31,36988380.77
20200702,3023.72,3092.44,3021.67,3090.57,39112.8,47821648.69
20200703,3104,3152.81,3104,3152.81,45879.39,53548934.76
20200706,3187.84,3337.27,3187.84,3332.88,64387.89,72415366.35
20200707,3380.95,3407.08,3336.24,3345.34,65784.02,79363840.41
20200708,3337.55,3421.53,3327.71,3403.44,58708.17,69680765.34
20200709,3403.48,3456.97,3393.64,3450.59,62000.18,75140680.91
20200710,3418.93,3433.11,3372.51,3383.32,55612,70319754.44
20200713,3379.39,3458.79,3369.04,3443.29,55800.69,71739703.3
20200714,3435.02,3451.22,3366.08,3414.62,54321.15,70732703.33
20200715,3422.08,3432.45,3345.75,3361.3,49203.05,67472739.53
20200716,3356.36,3373.53,3209.73,3210.1,49061.31,67946833.51
20200717,3214.4,3252.78,3181.27,3214.13,35965.24,48653611.83
20200720,3243.91,3314.15,3220.68,3314.15,41855.53,54404566.22
20200721,3330.55,3336.68,3300.57,3320.89,35925.2,48886218.75
20200722,3315.18,3381.98,3311.79,3333.16,39333.53,54057703.83
20200723,3306.15,3336.3,3257.83,3325.11,40704.25,54688707.38
20200724,3310.65,3319.13,3184.96,3196.77,42705.4,58431183.26
20200727,3210.39,3221.98,3174.66,3205.23,29931.9,40223191.86
20200728,3226.13,3245.3,3208.49,3227.96,28937.79,38987369.68
20200729,3221.99,3294.55,3209.99,3294.55,32492.41,45309440.82
20200730,3299.57,3312.45,3282.16,3286.82,34070.41,47697398.99
20200731,3280.8,3333.79,3261.61,3310.01,35375.9,49577803.78
20200803,3332.18,3368.1,3327.68,3367.97,40746.09,57243074.56
20200804,3376.44,3391.07,3352.5,3371.69,44232.86,60494217.22
20200805,3363.33,3383.64,3333.88,3377.56,38582.3,52651504.44
20200806,3380.76,3392.7,3334.33,3386.46,41530.25,57048825.86
20200807,3370.59,3374.13,3307.71,3354.04,40392.96,56143563.98
20200810,3341.53,3399.93,3335.04,3379.25,38137.96,52708392.96
20200811,3379.49,3409.06,3336.09,3340.29,40045.27,51402076.98
20200812,3327.49,3335.73,3263.27,3319.27,37832.9,48073123.43
20200813,3328.18,3338.15,3309.46,3320.73,32429.13,38716227.58
20200814,3315.67,3362.03,3302.74,3360.1,30599.84,36746742.99
20200817,3373.9,3450.9,3369.37,3438.8,43459.83,53742508.44
20200818,3441.93,3456.72,3432.64,3451.09,38072.93,49305216.61
20200819,3444.56,3454.46,3406.16,3408.13,40572.22,49826214.71
20200820,3385.96,3394.56,3352.78,3363.9,33560.1,40181553.56
20200821,3380.23,3393.92,3358,3380.68,28748.83,36128174.9
20200824,3391.11,3396.57,3368.03,3385.64,26622.78,34568339.46
20200825,3392.88,3408.87,3364.16,3373.58,27711.34,35599777.79
20200826,3371.81,3382.6,3320.14,3329.74,29445.1,38192889.86
20200827,3333.49,3351.83,3312.99,3350.11,23709.94,31715337.83
20200828,3346.29,3405.88,3339.65,3403.81,27132.55,37936703.08
20200831,3416.55,3442.74,3395.47,3395.68,32347.39,43693011.76
20200901,3389.74,3410.61,3381.71,3410.61,24699.92,32685096.96
20200902,3420.47,3421.4,3377.21,3404.8,26154.63,34563899.39
20200903,3404.03,3425.63,3374.26,3384.98,25534.63,35070656.51
20200904,3336.41,3360.11,3328.55,3355.37,22163.66,30817966.49
20200907,3349.92,3368.24,3285.63,3292.59,26061.66,35772645.38
20200908,3301.22,3324.39,3276.44,3316.42,27106.63,32022990.03
20200909,3281,3289.61,3238.56,3254.63,35150.97,34105452.13
20200910,3282.23,3285.47,3227.64,3234.82,31247.28,30967673.65
20200911,3225.78,3262.5,3220.54,3260.35,22169.88,25484499.35
20200914,3275.92,3283.53,3261.15,3278.81,21392.41,26921992.19
20200915,3277.13,3297.69,3263.75,3295.68,19768.44,25176386.76
20200916,3293.17,3302.46,3271.08,3283.92,20044.34,24227089.61
20200917,3277.32,3290.41,3248.5,3270.44,20293.2,27931105.69
20200918,3270.91,3338.32,3268.53,3338.09,25626.08,33702589.24
20200921,3348.9,3350.59,3313.07,3316.94,21650.31,28769130.91
20200922,3290.67,3320.23,3265.7,3274.3,21401.51,26911329.48
20200923,3278.84,3289.76,3264.89,3279.71,16917.81,24074243.28
20200924,3262.88,3265.35,3221.24,3223.18,20673.6,25825992.7
20200925,3234.37,3239.47,3208.04,3219.42,16482.24,22067447.4
20200928,3224.98,3238.18,3210.89,3217.53,15598.28,20967238.86
20200929,3231.86,3242.79,3219.79,3224.36,15134.99,20730781.7
20200930,3232.71,3244.91,3202.34,3218.05,15350.45,20576285.49
20201009,3262.61,3280.51,3260.19,3272.08,18832.56,26417104.49
20201012,3287.33,3359.15,3286.11,3358.47,25962.24,35570011.34
20201013,3353.12,3361.83,3334.5,3359.75,20492.61,28850582.32
20201014,3353.62,3353.62,3332.96,3340.78,19865.94,28115999.13
20201015,3342.92,3354.58,3330,3332.18,19103.13,26384867.33
20201016,3334.46,3348.95,3319.11,3336.36,19429.54,25344802.82
20201019,3351.1,3371.09,3307.84,3312.67,21230.35,28388278.27
20201020,3307.15,3328.1,3293.77,3328.1,16508.48,22782337.02
20201021,3332.15,3332.15,3304.17,3325.02,17763.21,24684814.34
20201022,3315.82,3320.88,3281.37,3312.5,16595,23642824.7
20201023,3308.16,3326.05,3276.62,3278,17420.9,24991288.52
20201026,3258.7,3264.45,3226.6,3251.12,16773.18,23546247.58
20201027,3240.74,3258.34,3235.54,3254.32,14911.56,21748742.55
20201028,3256.22,3275.87,3238.38,3269.24,17318.2,25621345.08
20201029,3235.76,3289.77,3231.12,3272.73,18470.36,27860566.02
20201030,3278.63,3279.86,3219.42,3224.53,23018.88,32891725.41
20201102,3228.72,3242.8,3209.91,3225.12,22677.91,32532188.36
20201103,3239.81,3278.38,3237.85,3271.07,21529.79,30373016.37
20201104,3273.43,3286.62,3254.11,3277.44,18851.41,27072384.2
20201105,3305.58,3320.41,3291.6,3320.13,22680.15,31629269.4
20201106,3326.46,3326.46,3292.15,3312.16,23486.41,32548506.83
20201109,3329.43,3380.82,3329.43,3373.73,31021.98,42994892.8
20201110,3387.62,3387.62,3346.17,3360.15,27870.11,39000840.6
20201111,3354.02,3365.84,3339.04,3342.2,27120.47,35580205.47
20201112,3344.46,3350.29,3329.49,3338.68,21650.13,28692742.14
20201113,3327.23,3327.23,3291.64,3310.1,22789.84,30152795.75
20201116,3325.62,3346.97,3313.65,3346.97,27959.38,33375059.97
20201117,3347.15,3347.7,3323.95,3339.9,28363.25,35362337.59
20201118,3337.33,3358.89,3333.99,3347.3,28753.13,35874537.47
20201119,3339.09,3367.33,3330.45,3363.09,25326.3,31952017.82
20201120,3359.6,3380.15,3356.31,3377.73,26127.12,31265980.42
20201123,3384.1,3431.65,3377.99,3414.49,37387.2,43150435.94
20201124,3407.41,3413.93,3396.24,3402.82,30099.41,35950578.89
20201125,3417.52,3423.49,3362.33,3362.33,32211.02,38347777.64
20201126,3360.06,3371.45,3344.28,3369.73,25588.68,31730863.31
20201127,3373.84,3408.31,3364.49,3408.31,28064.99,32606955.11
20201130,3418.16,3456.74,3391.76,3391.76,38499,45450058.14
20201201,3388.99,3457.64,3386.91,3451.94,31618.9,38525075.46
20201202,3453.52,3465.73,3435.87,3449.38,31281.11,38334083.89
20201203,3448.54,3452.16,3428.8,3442.14,29845.99,35242229.76
20201204,3436.73,3448.4,3417.05,3444.58,25627.67,32939320.93
20201207,3446.65,3449.58,3414.31,3416.6,25452.25,33683678.82
20201208,3417.69,3428.66,3403.03,3410.18,22690.73,30463501.93
20201209,3416.08,3422.54,3371.92,3371.96,26074.74,33931781.73
20201210,3365.73,3384.89,3357.75,3373.28,24730.83,32161634.71
20201211,3381.01,3383.18,3325.17,3347.19,29861.72,37984881.87
20201214,3349.53,3371.13,3338.63,3369.12,23980.79,31622912.41
20201215,3366.58,3373.56,3348.42,3367.23,22566.74,31528973.11
20201216,3371.26,3378.66,3359.17,3366.98,22081.4,30882339.23
20201217,3367.28,3406.15,3354.01,3404.87,27546.36,36474047.69
20201218,3400.49,3413.81,3382.75,3394.9,28099.26,35402737.25
20201221,3394.39,3423.61,3381.12,3420.57,28375.98,38389894.35
20201222,3410.97,3415.75,3353.86,3356.78,32303.77,43219956.53
20201223,3362.47,3394.21,3360.2,3382.32,29952.35,41325477.89
20201224,3382.19,3394.07,3354.02,3363.11,27504.44,36332113.1
20201225,3351.79,3397.01,3348.35,3396.56,29454.69,35909445.22
20201228,3396.36,3412.52,3383.65,3397.29,31618.15,39815997.03
20201229,3399.29,3407.09,3376.09,3379.04,31176.92,38210256.9
20201230,3375.01,3414.45,3374.42,3414.45,29102.35,37754234.47
20201231,3419.73,3474.92,3419.73,3473.07,33567.39,45048230.71
20210104,3474.68,3511.66,3457.21,3502.96,38079.08,52336771.07
20210105,3492.19,3528.68,3484.72,3528.68,40799.59,56801945.19
20210106,3530.91,3556.8,3513.13,3550.88,37023.09,52179953.25
20210107,3552.91,3576.2,3526.62,3576.2,40534.82,54570962.12
20210108,3577.69,3588.06,3544.89,3570.11,34555.79,50217081.24
20210111,3571.32,3597.7,3516.99,3531.5,36247.92,52689593.96
20210112,3518.01,3608.34,3517.47,3608.34,32340.62,48577118.21
20210113,3613.28,3622.35,3575.59,3598.65,38812.78,55485346.61
20210114,3584.93,3599.06,3559.6,3565.9,34766.68,51132511.03
20210115,3566.28,3589.27,3533.79,3566.38,32461.27,48034378.55
20210118,3554.8,3608.77,3544.26,3596.22,30165.26,45174069.66
20210119,3596.36,3603.15,3553.02,3566.38,32343.95,46740258.82
20210120,3564.12,3589.96,3556.44,3583.09,27227.17,39714475.21
20210121,3590.92,3636.24,3585.8,3621.26,32746.7,46985524.02
20210122,3616.54,3616.54,3585.03,3606.75,32446.31,48545218.56
20210125,3605.36,3637.1,3591.02,3624.24,32734.11,52725733.79
20210126,3610.97,3610.97,3564.74,3569.43,27813.99,43632666.21
20210127,3567.55,3578.8,3546.49,3573.34,26410.72,39627040.36
20210128,3534.67,3549.54,3496.88,3505.18,27086.25,39157438.87
20210129,3521.72,3531.6,3446.55,3483.07,29366.27,41652862.98
20210201,3477.17,3506.39,3469.88,3505.28,27756.79,37147305.57
20210202,3510.81,3535.5,3495.57,3533.68,26454.06,38412786.07
20210203,3531.15,3544.01,3508.51,3517.31,29735.17,41373148.77
20210204,3503.78,3524.72,3465.77,3501.86,29883.49,41874256.69
20210205,3509.49,3536.54,3492.96,3496.33,29014.62,39739192.12
20210208,3504.56,3542.21,3492.13,3532.45,24979.96,35918731.67
20210209,3539.77,3604.01,3528.68,3603.49,25382.18,37156798.46
20210210,3612.61,3662.77,3612.51,3655.09,25794.08,39264337.92
20210218,3721.09,3731.69,3663.66,3675.36,34030.91,48354656.26
20210219,3661.78,3699.65,3634.02,3696.17,36105.98,48499018.96
20210222,3707.19,3717.27,3642.44,3642.44,48882.15,59932311.55
20210223,3617.7,3672.15,3617.7,3636.36,39887.32,47963180.24
20210224,3638.94,3645.65,3531.59,3564.08,36215.9,48443041.38
20210225,3595.54,3608.56,3568.47,3585.05,36623.23,44473502.92
20210226,3514.56,3550.41,3500.7,3509.08,33328.01,42448591.26
20210301,3531.48,3552.57,3511.99,3551.4,31548.75,40247705.6
20210302,3566.85,3566.85,3485.36,3508.59,33983.05,42768046.49
20210303,3500.16,3577.62,3498.72,3576.9,34765.68,41549034.29
20210304,3546.64,3552.2,3487.38,3503.49,39361.61,46223373.11
20210305,3463.31,3523.57,3456.67,3501.99,35640.92,40884990.77
20210308,3524.98,3542.3,3421.22,3421.41,38704.8,45385921.33
20210309,3415.34,3429.15,3328.31,3359.29,40765.25,45619619.43
20210310,3389.84,3397.03,3354.82,3357.74,29974.92,33957170.38
20210311,3369.9,3436.83,3369.9,3436.83,32211.2,36980536.12
20210312,3447.2,3454.51,3417.24,3453.08,35802.7,38196428.8
20210315,3441.88,3457.49,3392.51,3419.95,36781.33,38164650.39
20210316,3424.65,3448.88,3406.17,3446.73,31666.87,33238849.95
20210317,3435.73,3454.06,3410.28,3445.55,28005.98,30663045.94
20210318,3449.64,3478.14,3449.38,3463.07,28440.39,31652918.07
20210319,3423.87,3439.52,3389.29,3404.66,30916.17,33999228.11
20210322,3406.12,3443.66,3404.23,3443.44,31255.91,33253503.8
20210323,3445.34,3445.42,3390.05,3411.51,32638.94,34347715.79
20210324,3394.13,3415.3,3362.18,3367.06,31739.87,34480003.48
20210325,3355.07,3382.23,3344.97,3363.59,27067.61,29022345.63
20210326,3373.32,3423.22,3373.32,3418.33,27461.5,32240861.18
20210329,3429.63,3449.83,3409.89,3435.3,28482.42,32794411.01
20210330,3432.53,3457.63,3423.32,3456.68,28542.31,33162566.04
20210331,3452.21,3452.21,3420.83,3441.91,28304.93,31417411.17
20210401,3444.81,3470.03,3438.83,3466.33,27524.43,29265192.55
20210402,3472.63,3487.59,3462.83,3484.39,26265.49,31795321.24
20210406,3491.63,3493.28,3471.76,3482.97,23474.67,28632966.76
20210407,3483.42,3483.42,3453.19,3479.63,29578.7,32365097.78
20210408,3467.49,3495.91,3459.32,3482.55,33175.53,34801133.16
20210409,3475.44,3475.45,3442.14,3450.68,28008.52,30642221.88
20210412,3445.97,3456.16,3403.9,3412.95,30957.72,33889032.6
20210413,3411.29,3425.39,3387.9,3396.47,27062.61,29053986.41
20210414,3397.02,3420.03,3392.98,3416.72,23324.23,26901007.56
20210415,3409.61,3409.61,3373.09,3398.99,23400.51,27256920.47
20210416,3407.19,3432.63,3394.13,3426.62,25857.97,29595110.6
20210419,3427.55,3479.01,3414.36,3477.55,30273.58,36847245.72
20210420,3467.15,3494.3,3463.46,3472.94,28530.01,35898277.89
20210421,3456.3,3481.25,3450.11,3472.93,25377.79,32391413.76
20210422,3482.83,3485.36,3456.32,3465.11,25111.45,31708102.66
20210423,3462.09,3482.36,3456.33,3474.17,24936.04,32301593.4
20210426,3484.11,3497.12,3438.57,3441.17,27697.08,38816166.71
20210427,3440.09,3443.85,3417.26,3442.61,25303.24,32704600.47
20210428,3432.16,3457.07,3423.33,3457.07,24738.11,34966919.58
20210429,3458.08,3478.23,3447.59,3474.9,27663.14,37161159.88
20210430,3468.3,3469.09,3426.9,3446.86,31266.04,40144234.09
20210506,3446.07,3471.24,3426.85,3441.28,31042.42,40052516.45
20210507,3446.41,3457.89,3416.78,3418.87,35378.54,41107885.26
20210510,3423.59,3429.74,3401.93,3427.99,37417.09,39971756.44
20210511,3406.6,3448.1,3384.7,3441.85,35093.41,39032628.84
20210512,3429.75,3466.37,3428.39,3462.75,31144.45,34386041.24
20210513,3432.14,3448.02,3418.38,3429.54,31932.53,35637690.37
20210514,3436.09,3490.64,3422.57,3490.38,33698.23,41111692.9
20210517,3490.41,3530.51,3490.14,3517.62,32213.6,42447677.03
20210518,3520.65,3529.01,3510.86,3529.01,27130.86,33602876.21
20210519,3521.11,3521.11,3503.82,3510.96,27832.11,34997315.17
20210520,3500.88,3517.74,3486.07,3506.94,32600.93,39035532.08
20210521,3510.84,3518.38,3479.67,3486.56,28382.63,35602592.56
20210524,3486.27,3498.3,3469.87,3497.28,28950.92,36718162.74
20210525,3502.54,3584.58,3502.44,3581.34,34124.11,47221352.04
20210526,3586.84,3603.49,3585.37,3593.36,34198.03,45583125.71
20210527,3585.73,3626.36,3579.26,3608.85,30955.15,42900422.66
20210528,3610.77,3622.18,3582.36,3600.78,34920.88,45244504.47
20210531,3600.07,3615.66,3580.65,3615.48,33152.38,44969436.77
20210601,3608.6,3626.07,3581.91,3624.71,35281.14,47166311.63
20210602,3626.33,3629.29,3584.6,3597.14,34855.84,45467805.29
20210603,3595.42,3618.51,3584.21,3584.21,35423.3,44350652.42
20210604,3565.47,3618.8,3561.89,3591.84,33089.3,43528051.1
20210607,3597.14,3600.38,3581.9,3599.54,30371.87,43221994.7
20210608,3598.75,3621.52,3563.25,3580.11,30449.15,44316180.48
20210609,3576.8,3598.71,3572.64,3591.4,29832.33,40323632.33
20210610,3587.53,3624.34,3584.13,3610.86,31817.48,44211729.2
20210611,3614.11,3614.4,3587.15,3589.75,36055.5,49537269.76
20210615,3587.47,3592.95,3547.19,3556.56,34916.86,44471920.23
20210616,3556.71,3561.09,3513.56,3518.33,31259.73,41060931.99
20210617,3508.32,3534.2,3507.35,3525.6,27722.99,38876102.66
20210618,3520.5,3535.62,3503.18,3525.1,29670.86,44629740.75
20210621,3515.5,3540.3,3504.01,3529.18,28089.83,42656278.12
20210622,3539.79,3560.19,3536.81,3557.41,30753.64,43709225.37
20210623,3559.4,3577.47,3549.85,3566.22,31070.95,47034764.49
20210624,3568.58,3570.49,3548.82,3566.65,33544.08,46127359.59
20210625,3567.38,3614.3,3564.52,3607.56,34608.78,48389898.24
20210628,3612.25,3614.36,3594.22,3606.37,32127.5,45602960.18
20210629,3601.68,3601.83,3570.53,3573.18,30607.12,44089871.56
20210630,3572.62,3594.12,3569.5,3591.2,26816.28,41469837.31
20210701,3600.55,3607.7,3573.94,3588.78,29188.32,45063903.64
20210702,3569.89,3569.89,3514.34,3518.76,29194.55,45226318.23
20210705,3516.92,3534.32,3510.58,3534.32,28809.48,44543193.91
20210706,3533.13,3538.35,3496.93,3530.26,31407.02,49288691.71
20210707,3508.59,3557.88,3504.47,3553.72,31883.92,45760764.31
20210708,3557.22,3558.68,3521.06,3525.5,35087.79,52685868.24
20210709,3512.23,3529.31,3485.05,3524.09,34988.43,49302083.99
20210712,3545.2,3565.03,3527.39,3547.84,40363.96,56475929.8
20210713,3547.59,3567.48,3542.82,3566.52,36241.67,51191722.8
20210714,3560.83,3560.83,3525.49,3528.5,37222.17,50771640.32
20210715,3519.06,3565.93,3514.26,3564.59,36325.92,50748184.99
20210716,3559.53,3566,3537.73,3539.3,36601.48,51864063.18
20210719,3530.49,3544.88,3506.34,3539.12,33676.09,48695246.85
20210720,3515.07,3538.64,3509.19,3536.79,29378.06,42264988.88
20210721,3543.05,3569.09,3543.05,3562.66,33897.87,51723999.64
20210722,3563.66,3576.47,3558.29,3574.73,38106.71,56676948.38
20210723,3571.72,3571.85,3541.51,3550.4,44642.12,60419512.73
20210726,3538.01,3538.01,3424.74,3467.44,44288.22,63906119.68
20210727,3467.45,3483.87,3380.28,3381.18,46907.54,70274108.62
20210728,3355.82,3385.54,3312.72,3361.59,39582.54,56469769.42
20210729,3403.84,3416.61,3382.57,3411.72,34456.94,53974885.99
20210730,3398.2,3404.88,3370.45,3397.36,38144.1,56882095.72
20210802,3385.69,3464.29,3367.64,3464.29,43292.79,65788575.74
20210803,3446.78,3470.66,3435.46,3447.99,40069.81,60341918.11
20210804,3442.94,3477.6,3440.78,3477.22,34874.42,54682075.14
20210805,3461.72,3486.16,3449.39,3466.55,34843.69,54040110.69
20210806,3465.48,3466.39,3436.93,3458.23,33682.44,51640664.06
20210809,3441.75,3502.84,3438.7,3494.63,34991.01,53949893.84
20210810,3488.66,3529.93,3477.06,3529.93,34511.3,55344031.33
20210811,3527.11,3544.09,3524.04,3532.62,38378.36,54194274.3
20210812,3522.72,3538.4,3513.45,3524.74,38107.46,53816344.58
20210813,3514.47,3540.08,3500.8,3516.3,37818.73,53290785.18
20210816,3514.34,3537.85,3510.9,3517.34,39109.97,53545893.89
20210817,3512.11,3531.73,3438.12,3446.98,42288.58,57043065.24
20210818,3442.35,3487.44,3437.69,3485.29,38920.38,53546306.76
20210819,3475.3,3480.46,3446.01,3465.55,38238.3,53792653.31
20210820,3442.51,3453.15,3394.97,3427.33,39113.69,55266757.84
20210823,3436.8,3481.25,3436.67,3477.13,38472.74,56430814.82
20210824,3482.27,3522.7,3481.14,3514.47,43023.65,61608414.41
20210825,3517.92,3540.39,3510.07,3540.38,45004.7,59861185.33
20210826,3537.31,3537.32,3499.45,3501.66,50290.31,62239349.15
20210827,3494.42,3530.19,3493.38,3522.16,45534.59,59551868.52
20210830,3535.07,3539.49,3512.99,3528.15,51278.57,69911622.45
20210831,3519.02,3543.94,3496.39,3543.94,52420.51,70350484.28
20210901,3543.87,3582.32,3514.67,3567.1,66727.63,84252898.1
20210902,3559.9,3597.37,3557.68,3597.04,57268.4,69111329.59
20210903,3602.74,3613.95,3569.4,3581.73,61453.24,74384080.9
20210906,3580.14,3626.29,3580.14,3621.86,52171.33,65408571.8
20210907,3621.71,3681.93,3615.14,3676.59,54772.19,65886794.55
20210908,3673.4,3695.32,3661,3675.19,58643.62,67434846.62
20210909,3666.82,3693.45,3662.16,3693.13,60481.03,67946545.15
20210910,3691.19,3722.87,3681.64,3703.11,63520.04,75908461.36
20210913,3699.25,3716.83,3692.82,3715.37,55748.4,69619233.59
20210914,3709.63,3723.85,3655.63,3662.6,56495.24,69377812.07
20210915,3651.16,3677.53,3638.32,3656.22,47497,60423156.53
20210916,3664.84,3677.92,3606.73,3607.09,54674.15,67395531.57
20210917,3595.27,3620.96,3569.27,3613.97,51685.02,62883436.95
20210922,3563.21,3629.45,3560.5,3628.49,47229.61,55987470.34
20210923,3651.27,3670.95,3632.28,3642.22,53499.55,63321892.45
20210924,3637.87,3651.43,3607.79,3613.07,50730.48,60678858.34
20210927,3625.96,3640.81,3559.92,3582.83,51080.28,64067364.45
20210928,3577.89,3610.92,3568.82,3602.22,44416.88,50008198.35
20210929,3573.52,3573.52,3518.05,3536.29,45251.12,51110694.09
20210930,3541.93,3572.43,3541.93,3568.17,39562.96,44573471.54
20211008,3609.09,3612.55,3571.73,3592.17,40716.11,49296483.94
20211011,3600.36,3614.7,3586.75,3591.71,39436.12,46867382.27
20211012,3581.3,3583.64,3515.14,3546.94,40539.37,46198348.19
20211013,3543.49,3569.13,3515.65,3561.76,32505.07,40502001.66
20211014,3555.11,3569.69,3547.18,3558.28,29496.92,37751927.6
20211015,3551.99,3578.77,3542.69,3572.37,32029.3,42592472.27
20211018,3571.05,3571.05,3539.48,3568.14,34095.06,45578790.5
20211019,3562.3,3596.79,3560.62,3593.15,33419.77,44018152.24
20211020,3583.24,3596.05,3574.3,3587,34424.5,45048296.24
20211021,3590.05,3610.96,3576.35,3594.78,35231.09,45357167.41
20211022,3594.75,3607.58,3578.76,3582.6,35315.72,45544125.24
20211025,3574.26,3611.09,3564.21,3609.86,32119.68,44396163.89
20211026,3612.83,3625.02,3589.71,3597.64,33727.83,46517960.7
20211027,3589.86,3589.86,3553.13,3562.31,35062.09,47077779.05
20211028,3548.7,3552.04,3509.49,3518.42,37817.17,50298277.07
20211029,3519.33,3547.34,3502.8,3547.34,35880.94,52723184.44
20211101,3530.4,3556.59,3519.29,3544.48,38225.13,56410026.8
20211102,3543.38,3559.05,3477.66,3505.63,41756.32,58551946.44
20211103,3501.11,3512.61,3480.49,3498.54,30660.77,44911512.78
20211104,3505.89,3527.95,3503.01,3526.87,31944.08,46882917.58
20211105,3520.21,3525.87,3491.46,3491.57,35453.36,48582321.77
20211108,3491.97,3507.27,3484.24,3498.63,29818.37,42196808.5
20211109,3507.11,3514.95,3489.04,3507,28731.6,42120069.12
20211110,3498.94,3498.94,3448.44,3492.46,30703.07,44311275.11
20211111,3486.45,3534.2,3482.83,3532.79,32208.8,46480385.64
20211112,3534.15,3543.65,3527.39,3539.1,30868.34,44339835.7
20211115,3542.9,3550.44,3521.29,3533.3,31301.76,46406539.67
20211116,3530.46,3549.77,3517.81,3521.79,31039.99,44470078.67
20211117,3518.56,3537.51,3513.52,3537.37,27673.57,40155231.03
20211118,3531.49,3537.98,3513.11,3520.71,31242.69,43289831.01
20211119,3519.28,3561.91,3517.65,3560.37,31799,44059361.28
20211122,3562.76,3585.19,3562.75,3582.08,33000.94,50912339.56
20211123,3580.51,3598.38,3577.36,3589.09,36001.16,50808389.63
20211124,3590.02,3602.74,3575.29,3592.7,33677.52,48102041.19
20211125,3593.39,3597.15,3579.53,3584.18,30645.15,45055885.31
20211126,3576.11,3576.11,3554.88,3564.09,30100.01,43462524.93
20211129,3528.67,3563.68,3526.36,3562.7,33361.83,49003816.55
20211130,3570.75,3582.12,3546.36,3563.89,34918.79,49360551.94
20211201,3561.89,3576.89,3558.69,3576.89,32987.35,46752278.12
20211202,3573.25,3586.87,3567.14,3573.84,35404.15,46842481.87
20211203,3576.45,3608.47,3573.21,3607.43,37755.1,49356554.24
20211206,3615.24,3626.13,3586.81,3589.31,41867.67,52822966.27
20211207,3611.22,3614.22,3572.57,3595.09,40384.26,52411947.42
20211208,3602.82,3637.72,3591.99,3637.57,36103.67,48603434.19
20211209,3641.16,3688.4,3638.7,3673.04,43191.82,56852938.75
20211210,3654.37,3667.85,3651.35,3666.35,41998.88,55632422.5
20211213,3686.94,3708.94,3678.06,3681.08,42409.2,57418796.24
20211214,3669.81,3671.68,3654.66,3661.53,36217.19,48746853.17
20211215,3655.05,3668.4,3645.24,3647.63,37747.77,48113437.9
20211216,3648.93,3675.02,3644.66,3675.02,38132.95,46591134.92
20211217,3670.26,3673.65,3631.66,3632.36,40848.78,49195293.08
20211220,3620.04,3643.95,3589.36,3593.6,42385.14,49182900.22
20211221,3591.45,3627.09,3591.45,3625.13,40818.43,42837940.63
20211222,3632.68,3635.9,3616.55,3622.62,39482.52,43245132.19
20211223,3625.47,3643.55,3618.05,3643.34,38292.57,44998816.56
20211224,3645.39,3648.96,3612.07,3618.05,39034.76,47626115.48
20211227,3613.05,3632.19,3601.94,3615.97,32923.53,40748266.29
20211228,3619.64,3631.08,3607.36,3630.11,31620.22,40876136.86
20211229,3630.92,3630.92,3596.32,3597,30513.18,41042532.76
20211230,3596.49,3628.92,3595.5,3619.19,30783.93,41394769.1
20211231,3626.24,3642.84,3624.94,3639.78,32968.19,43348980.53
20220104,3649.15,3651.89,3610.09,3632.33,40502.78,51025107.35
20220105,3628.26,3628.26,3583.47,3595.18,42390.2,53896364.03
20220106,3581.22,3594.49,3559.88,3586.08,37154.05,47428429.41
20220107,3588.99,3607.23,3577.1,3579.54,43630.7,50289144.63
20220110,3572.74,3593.52,3555.13,3593.52,35622.26,44340084.74
20220111,3589.9,3602.15,3562.75,3567.44,35976.19,44130058.24
20220112,3578.16,3599.5,3572.1,3597.43,34313.3,43581790.62
20220113,3601.03,3601.07,3555.16,3555.26,36936.84,45700543.28
20220114,3544.07,3548.42,3519.32,3521.26,37693.7,46319763.46
20220117,3522.09,3546.09,3519.43,3541.67,31288.67,43827298.3
20220118,3541.89,3579.31,3531.33,3569.91,37714.64,47083205.43
20220119,3567.63,3578.73,3541.66,3558.18,33323.53,42076336.95
20220120,3556.23,3576.26,3540.55,3555.06,37950.98,45970184.6
20220121,3546.75,3547,3514.89,3522.57,32653.49,41776893.13
20220124,3508.24,3531.61,3500.14,3524.11,28026.83,35800970.04
20220125,3509.28,3519.83,3433.06,3433.06,32735.38,38372773.07
20220126,3442.69,3462.12,3417.76,3455.67,27512.28,33831236.4
20220127,3456.1,3456.36,3392.02,3394.25,28060.65,34653395.35
20220128,3407.59,3417.05,3356.56,3361.44,29085.53,35377460.02
20220207,3407.76,3434.03,3407.76,3429.58,32048.52,35714043.08
20220208,3428.54,3453.19,3390.46,3452.63,36609.39,38796987.6
20220209,3450.82,3484.74,3444.08,3479.95,35024.99,39372000.46
20220210,3481.91,3488.86,3464.22,3485.91,35566.63,40496942.28
20220211,3472.28,3500.15,3459.33,3462.95,36135.61,42629791.74
20220214,3451.85,3457.26,3415.45,3428.88,31527.44,36167784.86
20220215,3428.04,3447.49,3421.64,3446.09,27555.93,34163887.31
20220216,3457.07,3475.06,3453.8,3465.83,27499.39,32556341.66
20220217,3464.21,3480.97,3454.28,3468.04,29726.27,35578311.48
20220218,3451.63,3490.76,3447.03,3490.76,29515,32722039.6
20220221,3488.41,3492.2,3471.69,3490.61,30154.17,34539857.51
20220222,3473.29,3473.39,3437.67,3457.15,32627.95,38767892.89
20220223,3458.51,3490.76,3458.18,3489.15,32560.49,41563032.78
20220224,3474.37,3486.98,3400.21,3429.96,48835.49,56979403.57
20220225,3445.34,3480.18,3440.93,3451.41,37754.26,44165949.03
20220228,3450.32,3462.31,3425.52,3462.31,34583.84,41380452.76
20220301,3471.36,3491.13,3465.72,3488.83,32600.17,41256245.66
20220302,3478.29,3486.62,3467,3484.19,32936.77,38014382.9
20220303,3495.93,3500.29,3473.34,3481.11,41259.43,44362176.92
20220304,3459.98,3474.88,3437.7,3447.65,39352.66,43066907.03
20220307,3438.56,3438.56,3360.74,3372.86,39358.9,45815690.04
20220308,3372.55,3383.63,3287.34,3293.53,41592.68,48562359.5
20220309,3303.71,3321.48,3147.68,3256.39,46628.56,51983328.87
20220310,3312.18,3326.58,3291.24,3296.09,37833.64,46608400.38
20220311,3259.32,3315.66,3217.42,3309.75,38406.71,45868705.38
20220314,3271.89,3297.8,3223.53,3223.53,33796.87,41805558.58
20220315,3192.36,3196.92,3063.97,3063.97,46503.72,50815841.08
20220316,3107.67,3177.79,3023.3,3170.71,44466.72,52230533.94
20220317,3215.01,3260.17,3202.93,3215.04,42081.35,53254946.82
20220318,3207.15,3260.78,3197.36,3251.07,37303.56,42841509.07
20220321,3255.62,3267.5,3223.39,3253.69,35422.85,42107630.39
20220322,3249.54,3279.11,3239.53,3259.86,36119.62,40279896.88
20220323,3264.79,3279.89,3251.98,3271.03,34987.54,40542204.72
20220324,3256.06,3266.89,3236.66,3250.26,32900.67,39072753.25
20220325,3247.16,3257.11,3211.64,3212.24,34002,38977041.2
20220328,3185.17,3230.22,3159.83,3214.5,34499.49,37447227.8
20220329,3216.01,3229.18,3196.46,3203.94,31627.36,36396446.52
20220330,3217.59,3266.6,3216.3,3266.6,36675.37,41300895.33
20220331,3256.14,3272.04,3246.06,3252.2,39843.99,42808904.91
20220401,3234.67,3287.23,3226.3,3282.72,37821.05,40567570.43
20220406,3269.43,3288.11,3255.69,3283.43,42964.28,43355638.99
20220407,3267.81,3290.26,3236.48,3236.7,40262.67,39808185.14
20220408,3239.88,3257.09,3208.35,3251.85,41382.68,41403724.6
20220411,3239.86,3239.86,3156.51,3167.13,42416.02,43512951.6
20220412,3165.12,3214.54,3140.9,3213.33,41832.19,42245583.67
20220413,3199.8,3225.47,3183.53,3186.82,39115.69,39821688.83
20220414,3203.63,3240,3200.23,3225.64,37124.23,40119163.29
20220415,3210.7,3229.87,3200.13,3211.24,40784.21,41349883.49
20220418,3185.94,3204.03,3166.98,3195.52,34736.51,36638081.02
20220419,3192.09,3207.83,3174.71,3194.03,33994.41,36276987.49
20220420,3189.89,3191.83,3142.05,3151.05,36204.7,37357269.81
20220421,3138.43,3160.9,3069.68,3079.81,39193.47,39654205.03
20220422,3058.4,3105.66,3049.36,3086.92,34200.06,34879363.48
20220425,3034.27,3043.82,2928.51,2928.51,43360.61,42707720.6
20220426,2930.45,2957.68,2878.26,2886.43,40161.52,39598597.73
20220427,2866.82,2959.18,2863.65,2958.28,42306.02,42292835.12
20220428,2945.81,2991.51,2936.79,2975.48,37537.18,38874303.69
20220429,2986.06,3048.49,2968.33,3047.06,42393.28,44042272.77
20220505,3044.85,3082.23,3042.12,3067.76,38307.29,40935201.18
20220506,3011.32,3030.69,2992.72,3001.56,34326.42,34621440
20220509,2990.2,3015.94,2983.61,3004.14,29206.16,29998327.4
20220510,2965.78,3043.78,2957.4,3035.84,37066.1,38401258.29
20220511,3035.39,3100.9,3034.67,3058.7,42399.19,47296338.33
20220512,3044.8,3072.16,3032.95,3054.99,34444.05,36887966.52
20220513,3068.03,3086.1,3059.25,3084.28,33173.79,34094219.26
20220516,3100.55,3102.58,3063.4,3073.75,33810.85,34895770.42
20220517,3076.5,3093.7,3057.64,3093.7,33035.65,35167128.78
20220518,3095.89,3105.84,3071.31,3085.98,31503.79,33884916.94
20220519,3046.71,3096.96,3042.67,3096.96,33660.07,36001821.49
20220520,3107.09,3146.57,3107.09,3146.57,37233.66,41530621.95
20220523,3150.49,3150.51,3127.9,3146.86,35337.63,38117857.69
20220524,3149.06,3153.13,3070.93,3070.93,41631.22,43860538.16
20220525,3070.17,3107.63,3069.95,3107.46,34225.92,34232215.14
20220526,3111.48,3133.28,3079.48,3123.11,37030.55,37736464.38
20220527,3135.03,3151.05,3112.54,3130.24,35946.39,37263160.12
20220530,3141.96,3150.89,3123.15,3149.06,34936.23,37666770.12
20220531,3149.94,3188.6,3142,3186.43,37452.33,43252803.17
20220601,3179.69,3190.61,3160.04,3182.16,36566.44,40241994.14
20220602,3170.31,3197.28,3163.76,3195.46,36177.06,41372925.95
20220606,3196.96,3237.07,3181.65,3236.37,42202.78,51731434.7
20220607,3235.42,3253.09,3222.64,3241.76,40220.32,48220320.56
20220608,3245.02,3266.63,3216.01,3263.79,43418.33,50840852.89
20220609,3259.49,3270.56,3223.48,3238.95,42272.84,46845820.93
20220610,3214.18,3286.62,3210.81,3284.83,43986.57,50415366.96
20220613,3256.28,3272.99,3229.31,3255.55,43857.83,51196618.34
20220614,3224.21,3289.13,3195.82,3288.91,45038.82,51384500.22
20220615,3289.1,3358.55,3288.85,3305.41,55058.41,62197255.37
20220616,3306.84,3319.69,3277.53,3285.38,43322.09,50605398.43
20220617,3265.51,3323.28,3262.89,3316.79,39530.07,49725217.18
20220620,3315.78,3333.9,3292.93,3315.43,41346.04,52775177.42
20220621,3313.79,3329.39,3279.83,3306.72,39445.69,47179363.12
20220622,3309.12,3311.02,3266.54,3267.2,37552.98,44085100.54
20220623,3269.05,3320.15,3262.29,3320.15,40061.42,47420011.32
20220624,3324.74,3356.71,3322.95,3349.75,39081.97,50961599.69
20220627,3364,3393.31,3364,3379.19,41411.77,54157384.09
20220628,3377.68,3412.1,3358.87,3409.21,41205.65,52551250.74
20220629,3399.68,3414.65,3358.47,3361.52,44057.36,56130699.26
20220630,3358.93,3417.01,3358.93,3398.62,38124.32,51030720.51
20220701,3400.26,3404.05,3378.36,3387.64,35048.93,45843529.73
20220704,3381.82,3405.62,3364.09,3405.43,35773.79,48934794.04
20220705,3411.13,3424.84,3372.06,3404.03,41169.97,51660570.62
20220706,3391.03,3391.03,3333.1,3355.35,38463,48747465.93
20220707,3353.13,3375.86,3332.31,3364.4,33440.02,43820312.17
20220708,3380.37,3386.31,3354.12,3356.08,32292.11,42188393.68
20220711,3341.1,3341.1,3297.01,3313.58,34266.92,42494227.25
20220712,3307.22,3319.25,3277.08,3281.47,33460.05,41095056.59
20220713,3279.6,3297.02,3266.48,3284.29,33184.57,39413461.81
20220714,3277.45,3299.25,3261.49,3281.74,35592.64,43196933.73
20220715,3261.38,3288.92,3228.06,3228.06,38015.64,46087700.48
20220718,3235.09,3278.47,3226.23,3278.1,34834.6,42335728.44
20220719,3278.72,3283.93,3256.02,3279.43,31565.19,39604237.11
20220720,3291.55,3308.35,3287.74,3304.72,30151.51,38342275.89
20220721,3297.66,3300.53,3272,3272,33235.87,42069658.83
20220722,3276.2,3293.64,3246.73,3269.97,30069.01,38357601.48
20220725,3269.71,3273.18,3243.03,3250.39,27124.57,34828186.42
20220726,3254.19,3282.41,3246.04,3277.44,25946.87,33442159
20220727,3271.78,3282.57,3265.73,3275.76,24913.15,33976824.63
20220728,3287.5,3305.71,3277.11,3282.58,28805.51,39592555.32
20220729,3282.81,3294.8,3246.37,3253.24,30733.1,41055309
20220801,3246.62,3264.3,3225.55,3259.96,29220.48,39900024.01
20220802,3231.26,3231.26,3155.19,3186.27,39417.62,47596270.39
20220803,3188.89,3217.55,3159.46,3163.67,32488.57,45540976.23
20220804,3179.43,3191,3155.7,3189.04,26089.89,37114691.58
20220805,3195.23,3228.89,3184.45,3227.03,27468.37,41405562.88
20220808,3218.85,3237.97,3214.08,3236.93,25426.81,39227716.4
20220809,3235.74,3248.77,3227.54,3247.43,25960.55,39141556.22
20220810,3242.36,3253.17,3217.81,3230.02,25758.36,39006611.05
20220811,3243.47,3281.67,3237.9,3281.67,30060.54,42739915.16
20220812,3275.77,3288.22,3272.84,3276.89,29993.29,40390616.68
20220815,3268.37,3286.89,3261.82,3276.09,28710.68,38725772.9
20220816,3278.68,3295.02,3271.57,3277.88,30359.23,40921009.36
20220817,3282.1,3296,3263.35,3292.53,32612.48,42385899.52
20220818,3286.37,3289.14,3270.56,3277.54,30169.48,41807521.38
20220819,3275.62,3286.49,3258.06,3258.08,33353.55,45786336.46
20220822,3249.7,3278.17,3247.19,3277.79,31453.79,42765330.02
20220823,3274.43,3284.6,3262.63,3276.22,31656.64,41831173.32
20220824,3279.17,3281.88,3212.39,3215.2,36614.06,45836029.13
20220825,3223.46,3248.35,3199.12,3246.25,33619.62,41946428.21
20220826,3250.63,3266.27,3232.28,3236.22,30992.76,39755625.27
20220829,3203.1,3240.73,3199,3240.73,29701.51,36372997.73
20220830,3240.18,3243.75,3212.63,3227.22,29431.89,35377568.15
20220831,3216.53,3232.02,3184.39,3202.14,34440.88,43175801.65
20220901,3196.54,3214.56,3181.63,3184.98,27466.05,33697864.09
20220902,3189.64,3198.28,3173.79,3186.48,25045.69,31333761.02
20220905,3183.95,3199.91,3172.04,3199.91,28067.56,33959152.84
20220906,3207.93,3244.64,3203.82,3243.45,31886.97,37863607.5
20220907,3232.14,3253.77,3227.82,3246.29,30101.45,36860873.93
20220908,3245.56,3253.7,3233.8,3235.59,28168.04,32865707.62
20220909,3241.18,3266.2,3236.51,3262.05,28382.77,33856670.92
20220913,3272.05,3278.17,3259.66,3263.8,27618.98,33902188.95
20220914,3224.68,3250.8,3221.96,3237.54,25519.34,30645282.41
20220915,3248.97,3254.18,3174.39,3199.92,32520.61,39249058.2
20220916,3189.83,3191.83,3126.4,3126.4,31647.59,35508535.3
20220919,3122.75,3135.56,3101.22,3115.6,24911.37,28991881.22
20220920,3127.84,3140.03,3114.04,3122.41,21994.25,26860029.54
20220921,3116.01,3129.82,3091.3,3117.18,23297.25,26951375.26
20220922,3098.77,3125.68,3092.82,3108.91,22114.07,26997859.94
20220923,3106.81,3124.66,3072.24,3088.37,24305.77,28555290.21
20220926,3067.57,3102.65,3048.51,3051.23,26269.86,29353643.21
20220927,3056.39,3094.04,3048.37,3093.86,23273.53,29006571.11
20220928,3089.1,3089.1,3044.86,3045.07,23009.87,27603972.92
20220929,3067.47,3076.76,3026.08,3041.2,23003.04,27644107.16
20220930,3042.17,3054.61,3021.93,3024.39,20411.53,24026277.48
20221010,3026.94,3029.45,2968.28,2974.15,24340.48,29012004.04
20221011,2978.06,2986.91,2953.5,2979.79,20863.6,24671562.96
20221012,2976.72,3025.51,2934.09,3025.51,24801.36,30687133.7
20221013,3008.3,3036.25,3004.5,3016.36,24968.33,31776479.64
20221014,3035.03,3084.27,3035.03,3071.99,27730.41,37205069
20221017,3060.52,3087.19,3052.71,3084.94,26260.86,34921447.42
20221018,3094.93,3099.92,3074.22,3080.96,24563.48,32600290.1
20221019,3073.26,3081.39,3044.38,3044.38,23089.53,31310833.25
20221020,3029.3,3070.26,3013.69,3035.05,24473.61,34009133.88
20221021,3038.04,3055.42,3026.96,3038.93,24525.41,31511098.16
20221024,3034.75,3064.42,2965.17,2977.56,29808.54,39472594.94
20221025,2969.16,3001.72,2944.26,2976.28,25555.42,33751928.01
20221026,2977.56,3028.35,2977.56,2999.5,26868.95,37284528.13
20221027,3005.04,3017.26,2981.69,2982.9,26560.83,38133035.83
20221028,2967.02,2974.24,2908.98,2915.93,29253.13,38526137.14
20221031,2893.2,2926.02,2885.09,2893.48,30199.42,39665414.96
20221101,2899.5,2969.2,2896.76,2969.2,31980.96,43101588.68
20221102,2960.65,3019.05,2954.95,3003.37,32507.82,45758152.7
20221103,2981.2,3003.72,2977.72,2997.81,25934.86,37065329.87
20221104,2997,3081.59,2997,3070.8,32980.67,45877008.79
20221107,3062.86,3088.19,3054.46,3077.82,32056.71,42442912.56
20221108,3077.31,3078.28,3047.46,3064.49,25652.2,33896693.76
20221109,3064.46,3073.92,3046.19,3048.17,23563.73,30686088.4
20221110,3031.69,3047.98,3022.85,3036.13,27037.18,33592590.34
20221111,3099.65,3117.74,3070.3,3087.29,40960.45,51378461.08
20221114,3100.87,3121.41,3075.22,3083.4,36178.82,45454671.87
20221115,3081.13,3135.59,3074.5,3134.08,33147.06,44646000.23
20221116,3133.65,3145.75,3115.35,3119.98,30342.98,38699289.8
20221117,3110.96,3115.44,3087.17,3115.43,28702.84,37790010.57
20221118,3116.73,3126.71,3096.89,3097.24,29995.43,38920739.23
20221121,3078.06,3085.24,3056.17,3085.04,25604.55,34502551.14
20221122,3084.23,3118.12,3076.32,3088.94,32756.59,37414282.85
20221123,3084.74,3108.24,3075.32,3096.91,32615.54,35640085.71
20221124,3104.1,3113.24,3084.86,3089.31,26748.29,30819018.34
20221125,3085.46,3111.42,3077.97,3101.69,31143.2,32542634.8
20221128,3055.29,3080.18,3034.7,3078.55,30581.13,33854934.22
20221129,3096.11,3152,3096.11,3149.75,39144.97,43910260.33
20221130,3141.4,3158.57,3137.37,3151.34,37271.83,40450437.94
20221201,3187.99,3198.41,3164.53,3165.47,38701.31,46218497.23
20221202,3160.58,3170.9,3149.84,3156.14,30781.25,36631868.21
20221205,3181.92,3213.44,3177.06,3211.81,44739.84,47920362.29
20221206,3200.28,3224.82,3195.08,3212.53,37359.03,43524869.32
20221207,3204.94,3226.08,3188.67,3199.62,35411.31,40214613.2
20221208,3196.02,3206.72,3187.26,3197.35,32096.93,36493561.04
20221209,3197.12,3212.11,3182.91,3206.95,37334.32,44775020.95
20221212,3195.87,3196.72,3176.58,3179.04,33338.18,39491960.83
20221213,3179.44,3187.2,3171.48,3176.33,28582.12,33353977.04
20221214,3178.55,3189.84,3168.59,3176.53,26562.36,33395068.11
20221215,3177.2,3179.1,3158.45,3168.65,24302.33,30520498.59
20221216,3156.13,3175.35,3151.61,3167.86,25977.18,30722775.45
20221219,3165.31,3170.26,3096.1,3107.12,27851.35,30793462.58
20221220,3098.95,3100.75,3061.51,3073.77,21883.68,26171606.63
20221221,3078.33,3085.8,3060.55,3068.41,18906.79,22685279.85
20221222,3085.8,3096.24,3044.6,3054.43,22363.95,26631548.11
20221223,3038.84,3061.87,3031.54,3045.87,19202.03,23333524.28
20221226,3048.2,3071.84,3047.35,3065.56,20650.39,25547027.25
20221227,3077.75,3098.08,3074.31,3095.57,22221.83,26794678.68
20221228,3088.62,3098.65,3079.43,3087.4,22455.42,26050853.27
20221229,3076.73,3086,3064.46,3073.7,21557.07,25391698.74
20221230,3084.52,3096.31,3082.2,3089.26,21754.53,25035595.78
